疾病名称,疾病描述,疾病种类,科室,病因,症状,检查,并发症,花费,疗程,疗法,治愈率,易感人群,感染概率,感染途径,预防措施,推荐药物,常用药物,具体药物,可以吃,不可以吃,推荐吃,是否纳入医保
肺泡蛋白质沉积症,肺泡蛋白质沉积症(简称PAP)，又称Rosen-Castle-man-Liebow综合征，是一种罕见疾病。该病以肺泡和细支气管腔内充满PAS染色阳性，来自肺的富磷脂蛋白质物质为其特征，好发于青中年，男性发病约3倍于女性。,"疾病百科,内科,呼吸内科","内科,呼吸内科","病因未明，推测与几方面因素有关：如大量粉尘吸入（铝，二氧化硅等），机体免疫功能下降（尤其婴幼儿），遗传因素，酗酒，微生物感染等，而对于感染，有时很难确认是原发致病因素还是继发于肺泡蛋白沉着症，例如巨细胞病毒，卡氏肺孢子虫，组织胞浆菌感染等均发现有肺泡内高蛋白沉着。
虽然启动因素尚不明确，但基本上同意发病过程为脂质代谢障碍所致，即由于机体内，外因素作用引起肺泡表面活性物质的代谢异常，到目前为止，研究较多的有肺泡巨噬细胞活力，动物实验证明巨噬细胞吞噬粉尘后其活力明显下降，而病员灌洗液中的巨噬细胞内颗粒可使正常细胞活力下降，经支气管肺泡灌洗治疗后，其肺泡巨噬细胞活力可上升，而研究未发现Ⅱ型细胞生成蛋白增加，全身脂代谢也无异常，因此目前一般认为本病与清除能力下降有关。","紫绀,胸痛,呼吸困难,乏力,毓卓","胸部CT检查,肺活检,支气管镜检查",多重肺部感染,根据不同医院，收费标准不一致，省市三甲医院约（ 8000——15000 元）,约3个月,支气管肺泡灌洗,约40%,,0.00002%,无传染性,"1、避免感染分支杆菌病，卡氏肺囊肿肺炎，巨细胞病毒等。
2、注意锻炼身体，提高免疫力。",,,,,,,否
百日咳,"百日咳(pertussis，whoopingcough)是由百日咳杆菌所致的急性呼吸道传染病。其特征为阵发性痉挛性咳嗽，咳嗽末伴有特殊的鸡鸣样吸气吼声。病程较长，可达数周甚至3个月左右，故有百日咳之称。多见于5岁以下的小儿，幼婴患本病时易有窒息、肺炎，脑病等并发症，病死率高。百日咳患者，阴性感染者及带菌者为传染源。潜伏期末到病后2-3周传染性最强。百日咳经呼吸道飞沫传播。典型患者病程6-8周，临床病程可分3期：1.卡他期，从发病到开始出现咳嗽，一般1-2周。2,痉咳期，一般2-4周或更长，阵发性痉挛性咳嗽为本期特点。3，恢复期，一般1-2周，咳嗽发作的次数减少，程度减轻，不再出现阵发性痉咳。一般外周血白细胞计数明显增高，分类以淋巴细胞为主。在诊断本病时要注意与支气管异物及肺门淋巴结结核鉴别。近年来幼婴及成人发病有增多趋势。","疾病百科,儿科,小儿内科","儿科,小儿内科","(一)发病原因
病原菌是鲍特菌属(Bordetella)中的百日咳鲍特菌(B.pertussis)，常称百日咳杆菌，已知鲍特菌属有四种杆菌，除百日咳鲍特菌外还有副百日咳鲍特菌(B.parapertussis)，支气管败血鲍特菌(B.bronchiseptica)和鸟型鲍特菌(B.avium)，鸟型鲍特菌一般不引起人类致病，仅引起鸟类感染，百日咳杆菌长约1.0～1.5μm，宽约0.3～0.5μm，有荚膜，不能运动，革兰染色阴性，需氧，无芽孢，无鞭毛，用甲苯胺蓝染色两端着色较深，细菌培养需要大量(15%～25%)鲜血才能繁殖良好，故常以鲍-金(Border-Gengous)培养基(即血液，甘油，马铃薯)分离菌落，百日咳杆菌生长缓慢，在35～37℃潮湿的环境中3～7天后，一种细小的，不透明的菌落生长，初次菌落隆起而光滑，为光滑(S)型，又称I相细菌，形态高低一致，有荚膜和较强的毒力及抗原性，致病力强，如将分离菌落在普通培养基中继续培养，菌落由光滑型变为粗糙(R)型，称Ⅳ相细菌，无荚膜，毒力及抗原性丢失，并失去致病力，Ⅱ相，Ⅲ相为中间过渡型，百日咳杆菌能产生许多毒性因子，已知有五种毒素：
1、百日咳外毒素(PT)：是存在百日咳杆菌细胞壁中一种蛋白质，过去称作为白细胞或淋巴细胞增多促进因子(leukocytosis or lymphocyte promoting factor，LPE)，组胺致敏因子(histamin sensitizing factor，HSF)，胰岛素分泌活性蛋白(insulin activating protein，IAP)，百日咳外毒素由五种非共价链亚单位(S1～S5)所组成，亚单位(S2～S5)为无毒性单位，能与宿主细胞膜结合，通过具有酶活力的亚单位S1介导毒性作用，S1能通过腺苷二磷酸(ADP)-核糖转移酶的活力，催化部分ADP-核糖从烟酰胺腺嘌呤二核苷酸(NAD)中分离出来，转移至细胞膜抑制鸟苷三磷酸(CTP)结合即G蛋白合成，导致细胞变生，同时还能促使淋巴细胞增高，活化胰岛细胞及增强免疫应答。
2、耐热的内毒素(endotoxin，ET)，100℃60min只能部分破坏，180℃才能灭活，此毒素能引起机体发热及痉咳。
3、不耐热毒素(HLT)这种毒素加热55℃30min后能破坏其毒性作用，此毒素抗体对百日咳杆菌感染无保护作用。
4、气管细胞毒素(TCT)：能损害宿主呼吸道纤毛上皮细胞，使之变性，坏死。
5、腺苷环化酶毒素(ACT)：存在百日咳杆菌细胞表面的一种酶，此酶进入吞噬细胞后被调钙蛋白所激活，催化cAMP的生成，干扰吞噬作用，并抑制中性粒细胞的趋化和吞噬细胞杀菌能力，使其能持续感染，ACT也是一种溶血素，能起溶血作用，百日咳的重要抗原是百日咳菌的两种血凝活性抗原，一种为丝状血凝素(filamentous hemagglutinin，FHA)，因来自菌体表面菌毛故又称菌毛抗原，FHA在百日咳杆菌黏附于呼吸道上皮细胞的过程中起决定作用，为致病的主要原因。实验发现，FHA免疫小鼠能对抗百日咳杆菌致死性攻击，因此FHA为保护性抗原，另一种凝集原(aggluginogens，AGG)为百日咳杆菌外膜及菌毛中的一种蛋白质成分，主要含1，2，3三种血清型凝血因子，AGG-1具有种特异性；AGG-2，3具有型特异性，通过检测凝集原的型别来了解当地流行情况，目前认为这两种血凝素抗原相应抗体是保护性抗体，百日咳杆菌根据不耐热凝集原抗原性不同分为七型凝集原，1型凝集原为所有百日咳杆菌均具备，7型凝集原为鲍特菌属(包括副百日咳杆菌，支气管败血性杆菌)所共有，2～6型以不同的配合将百日咳杆菌分为不同血清型，测定血清型主要是研究流行时菌株的血清型和选择特殊血清型菌株生产菌苗，此外，副百日咳杆菌与百日咳杆菌无交叉免疫，亦可引起流行，百日咳杆菌对外界理化因素抵抗力弱，55℃经30min即被破坏，干燥数小时即可杀灭，对一般消毒剂敏感，对紫外线抵抗力弱，但在0～10℃存活较长。
(二)发病机制
1、发病机制：百日咳发病机制不甚清楚，很可能是百日咳毒素对机体综合作用的结果，当细菌随空气飞沫浸入易感者的呼吸道后，细菌的丝状血凝素黏附于咽喉至细支气管黏膜的纤毛上皮细胞表面；继之，细菌在局部繁殖并产生多种毒素如百日咳外毒素，腺苷环化酶等引起上皮细胞纤毛麻痹和细胞变性，使其蛋白合成降低，上皮细胞坏死脱落，以及全身反应，由于上皮细胞的病变发生和纤毛麻痹使小支气管中黏液及坏死上皮堆聚潴留，分泌物排出受阻，不断刺激呼吸道的周围神经，传入大脑皮质及延髓咳嗽中枢，反射性引起痉挛性咳嗽，由于长期刺激使咳嗽中枢形成兴奋灶，以致非特异性刺激，如进食，咽部检查，冷风，烟雾以及注射疼痛等，均可引起反射性的痉咳，恢复期间亦可因哭泣及其他感染，诱发百日咳样痉咳，近来研究表明百日咳发生机制与百日咳杆菌毒素类物质损害宿主细胞免疫功能有关，CD4+T细胞和Th1细胞分泌的细胞因子所介导的免疫反应，在百日咳杆菌感染中起重要作用。
2、病理解剖：百日咳杆菌侵犯鼻咽，喉，气管，支气管黏膜，可见黏膜充血，上皮细胞的基底部有多核白细胞，单核细胞浸润及部分细胞坏死。支气管及肺泡周围间质除炎症浸润外，可见上皮细胞胞质空泡形成，甚至核膜破裂溶解，坏死，脱落，但极少波及肺泡。若分泌物阻塞可引起肺不张，支气管扩张，有继发感染者，易发生支气管肺炎，有时可有间质性肺炎；若发生百日咳脑病，镜检或肉眼可见脑组织充血水肿，点状出血，皮质萎缩，神经细胞变性，脑水肿等改变，此时常可见到肝脏脂肪浸润等变化。","吸气时有蝉鸣音,痉挛性咳嗽,胸闷,肺阴虚,抽搐,低热,闫鹏辉,惊厥","耳、鼻、咽拭子细菌培养,周围血白细胞计数及分类检验,血常规,酶联免疫吸附试验,白细胞分类计数",肺不张,根据不同医院，收费标准不一致，市三甲医院约（1000-4000元）,1-2个月,"药物治疗,支持性治疗",98%,多见于小儿,0.5%,呼吸道传播,"1、控制传染源：在流行季节，若有前驱症状应及早抗生素治疗。
2、切断传播途径：由于百日咳杆菌对外界抵抗力较弱，无需消毒处理，但应保持室内通风，衣物在阳光下曝晒，对痰液及口鼻分泌物则应进行消毒处理。","琥乙红霉素片,琥乙红霉素颗粒,百咳静糖浆,穿心莲内酯片,红霉素肠溶片,环酯红霉素片","穿心莲内酯片,百咳静糖浆","惠普森穿心莲内酯片(穿心莲内酯片),北京同仁堂百咳静糖浆(百咳静糖浆),邦琪药业百咳静糖浆(百咳静糖浆),东新药业百咳静糖浆(百咳静糖浆),达发新(环酯红霉素片),康美药业红霉素肠溶片(红霉素肠溶片),旺龙药业琥乙红霉素颗粒(琥乙红霉素颗粒),白云山医药琥乙红霉素片(琥乙红霉素片),国瑞琥乙红霉素片(琥乙红霉素片),利君制药红霉素肠溶片(红霉素肠溶片),东信药业琥乙红霉素颗粒(琥乙红霉素颗粒),石药欧意红霉素肠溶片(红霉素肠溶片),平光制药红霉素肠溶片(红霉素肠溶片),北京曙光药业红霉素肠溶片(红霉素肠溶片),迪瑞制药琥乙红霉素颗粒(琥乙红霉素颗粒),永定制药百咳静糖浆(百咳静糖浆),东信药业琥乙红霉素片(琥乙红霉素片),利君制药琥乙红霉素片(琥乙红霉素片),北京中新制药琥乙红霉素片(琥乙红霉素片),华南药业红霉素肠溶片(红霉素肠溶片),佐今明百咳静糖浆(百咳静糖浆),恒益药业琥乙红霉素颗粒(琥乙红霉素颗粒),利君沙(琥乙红霉素颗粒)","南瓜子仁,圆白菜,樱桃番茄,小白菜","螃蟹,海蟹,海虾,海螺","清蒸鸡蛋羹,百合双耳鸡蛋羹,排骨汤,罗汉果雪耳鸡汤,小黄瓜凉拌面,黄瓜三丝汤,黄瓜拌兔丝,黄瓜拌皮丝",否
苯中毒,"苯(benzene)是从煤焦油分馏及石油裂解所得的一种芳香烃化合物，系无色有芳香气味的油状液体。挥发甚速，易燃易爆。工业上用作溶剂、稀释剂和化工原料。苯属中等毒类，可引起急性或慢性中毒。
急性苯中毒是指口服含苯的有机溶剂或吸入高浓度苯蒸气后，出现以中枢神经系统麻醉作用为主要表现的病理生理过程，主要症状轻者为醉酒状，步态不稳，哭笑失常，重者意识丧失，抽搐，可因呼吸中枢麻痹或循环衰竭死亡。慢性苯中毒是指苯及其代谢产物酚类影响了骨髓的造血功能，临床表现为白细胞计数和血小板立秋持续减少，最终发展为再生障碍性贫血或白血病。也可影响神经系统，表现为神经衰弱和自主神经功能紊乱。","疾病百科,急诊科",急诊科,"吸入苯蒸气或皮肤接触苯而引起的中毒，有急性、慢性之分。急性苯中毒主要对中枢神经系统产生麻醉作用，出现昏迷和肌肉抽搐；高浓度的苯对皮肤有刺激作用。长期接角低浓度的苯可引起慢性苯中毒，出现造血障碍，早期常见血白细胞数减低，进而出现血小板数减少和贫血。患者可有鼻出血、牙龈出血、皮下出血、月经过多等临床表现。
急性苯中毒多为误服或急性吸入含苯的有机溶剂所致。这些有机溶剂包括油漆、稀料、工业胶水等。慢性苯中毒是长期吸入低浓度苯及代谢产物酚类所致。","恶心,抽搐,感觉障碍","血常规,骨髓象分析,先令氏指数",贫血,根据不同病情，不同医院，收费标准不一致，市三甲医院约（5000——8000元）,根据不同病情一般为2-4周,"药物治疗,支持性治疗",75%,多见于制鞋工人及接触化工染料的工人,0.065%,无传染性,对于急性中毒患者，可以立即脱离现场至空气新鲜处，脱去污染的衣着，并用肥皂水或清水冲洗污染的皮肤。口服中毒者，要给患者洗胃，中毒者应卧床静息，并接受对症、支持治疗，可给予葡萄糖醛酸。要注意防止患者出现脑水肿，切记勿给心搏未停者使用肾上腺素，对由于苯中毒引起的再生障碍性贫血症患者，可给予小量多次输血及糖皮质激素治疗。,"布美他尼片,十一味金色丸,注射用布美他尼,注射用呋塞米,盐酸利多卡因注射液,注射用硫代硫酸钠,大月晶丸,仁青芒觉,注射用鼠神经生长因子,地塞米松磷酸钠注射液","布美他尼片,十一味金色丸","桂林南药布美他尼片(布美他尼片),雄巴拉曲神水十一味金色丸(十一味金色丸),西藏甘露仁青芒觉(仁青芒觉),金诃藏药大月晶丸(大月晶丸),金诃藏药仁青芒觉(仁青芒觉),苏肽生(注射用鼠神经生长因子),新峰药业盐酸利多卡因注射液(盐酸利多卡因注射液),海斯制药盐酸利多卡因注射液(盐酸利多卡因注射液),西藏甘露十一味金色丸(十一味金色丸),卓峰地塞米松磷酸钠注射液(地塞米松磷酸钠注射液),白云山天心地塞米松磷酸钠注(地塞米松磷酸钠注射液),涟水制药地塞米松磷酸钠注射(地塞米松磷酸钠注射液),金耀药业地塞米松磷酸钠注射(地塞米松磷酸钠注射液),遂成药业地塞米松磷酸钠注射(地塞米松磷酸钠注射液),恩经复(注射用鼠神经生长因子),金路捷(注射用鼠神经生长因子),新亚注射用硫代硫酸钠(注射用硫代硫酸钠),北京永康药业盐酸利多卡因注(盐酸利多卡因注射液),北京益民药业盐酸利多卡因注(盐酸利多卡因注射液),中国大冢盐酸利多卡因注射液(盐酸利多卡因注射液),盐酸利多卡因注射液(盐酸利多卡因注射液),全星制药注射用布美他尼(注射用布美他尼),皇隆制药注射用呋塞米(注射用呋塞米)","鸡蛋,大豆,猪肉(瘦),樱桃番茄","海蟹,海虾,海参（水浸）,辣椒(青、尖)","豆腐干炒韭菜,素炒小白菜,白菜蛋花粥",否
喘息样支气管炎,喘息样支气管炎(asthmatoidbronchitis)又称哮喘性支气管炎，泛指一组喘息表现的婴幼儿急性支气管炎，是一种过敏性质的、常与呼吸道感染有关的疾病。患者常有湿疹及其他过敏史，尤以肥胖者多发，病程较长有反复发作史。急性喘息样支气管炎的主要病理基础是支气管平滑肌痉挛、微血管渗漏、粘膜水肿、炎性细胞浸润、分泌物增多滞留所致的气道可逆性阻塞。婴幼儿的气管和支气管都比较狭小，其周围弹力纤维发育完善，故其粘膜易受感染或其他刺激而肿胀充血，引起管道狭窄，分泌物粘稠不易咳出，从而产生喘鸣音。喘息伴呼气性呼吸困难以夜间为重，可有刺激性咳嗽。喘息可自行缓解或经治疗后缓解，发作间隙可无任何症状和体征，部分可发展为支气管哮喘。,"疾病百科,内科,呼吸内科","内科,呼吸内科","因为多种病毒和细菌感染均可引起，较常见的有合胞病毒、副流感病毒、流感病毒、腺病毒、鼻病毒及肺炎支原体等，大多数病例可在病毒感染基础上并发细菌感染。
婴幼儿的气管和支气管都比较狭小，其周围弹力纤维发育完善，故其粘膜易受感染或其他刺激而肿胀充血，引起管道狭窄，分泌物粘稠不易咳出，从而产生喘鸣音。
因为婴幼儿患病毒感染者甚多，仅一小部分患儿呈喘息样支气管炎表现，提示同一病毒在不同个别中所产生的不同病理生理改变和临床表现，与机体内在因素密切相关。如近年发现合胞病毒引起的喘息样支气管炎患儿出现特异性IgE抗体，其鼻咽分泌物中组织胺浓度明显高于同样感染而无喘息表现的患儿，其亲属往往有过敏性鼻炎、荨麻疹、哮喘等变态反应性疾病史。约30%左右的患儿曾患湿疹，测血清SIgE含量常见增高。","耸肩喘息,哮鸣音,纤毛上皮细胞损伤脱落,变应性咳嗽,化学性支气管炎,喘息,冬春季的慢性咳...,咳嗽伴哮鸣音","肺部检查,肺和胸膜听诊,抗链球菌型M蛋白抗体,抗链球菌壁多糖抗体,酶联免疫吸附试验",支气管哮喘,根据不同医院，收费标准不一致，市三甲医院约（5000——8000元）,6-12个月,"药物治疗,支持性治疗",95%,无特定的人群,3-5%,无传染性,根据上节所述，对喘息样支气管炎病儿，要注意家族与患儿自身过敏史，嗜酸性粒细胞检查，血清IgE水平等进行分析。如有支气管哮喘可疑时，应及早给予哮喘的防治措施。,"枸橼酸喷托维林片,氨茶碱片,二羟丙茶碱片,胸腺肽肠溶片,硫酸沙丁胺醇气雾剂,小青龙合剂,硫酸沙丁胺醇片,蛇胆川贝液,小青龙颗粒,布地奈德气雾剂,喷托维林氯化铵糖浆","布地奈德气雾剂,喷托维林氯化铵糖浆","信谊布地奈德气雾剂(布地奈德气雾剂),桑海制药喷托维林氯化铵糖浆(喷托维林氯化铵糖浆),赣南制药喷托维林氯化铵糖浆(喷托维林氯化铵糖浆),奇莫欣(胸腺肽肠溶片),振兴氨茶碱片(氨茶碱片),盛翔制药蛇胆川贝液(蛇胆川贝液),蛇胆川贝液(蛇胆川贝液),晶珠藏药蛇胆川贝液(蛇胆川贝液),天天乐药业蛇胆川贝液(蛇胆川贝液),东信药业蛇胆川贝液(蛇胆川贝液),广西灵峰药业蛇胆川贝液(蛇胆川贝液),吉林东方制药枸橼酸喷托维林(枸橼酸喷托维林片),万托林(硫酸沙丁胺醇气雾剂),天津太平洋二羟丙茶碱片(二羟丙茶碱片),海南制药厂蛇胆川贝液(蛇胆川贝液),首儿药厂小青龙颗粒(小青龙颗粒),石药欧意枸橼酸喷托维林片(枸橼酸喷托维林片),纽兰药业小青龙颗粒(小青龙颗粒),纽兰药业小青龙合剂(小青龙合剂),济安堂蛇胆川贝液(蛇胆川贝液),迪龙制药胸腺肽肠溶片(胸腺肽肠溶片),天津力生制药硫酸沙丁胺醇片(硫酸沙丁胺醇片),仁和堂硫酸沙丁胺醇片(硫酸沙丁胺醇片)","鸡蛋,海蚌,赤贝,圆白菜","海蟹,海虾,海螺,猪肉(肥瘦)","紫苏粥,菊花芦根茶,生芦根粥,鲜芦根粥,薏仁党参粥,党参粥,黄芪粥,鸡蛋木耳粥",否
成人呼吸窘迫综合征,成人呼吸窘迫综合征简称ARDS，是一种继发的，以急性呼吸窘迫和低氧血症为特征的综合征。又称休克肺、创伤肺等。为成人急性呼吸衰竭的一种类型。病因包括：休克、严重感染、颅脑损伤、严重创伤、骨折时脂肪栓塞、输血输液过量、DIC、吸入刺激性气体、氧中毒、长期使用呼吸器、体外循环、昏迷或全身麻醉后误吸、烧伤等。尽管原发损害不同，但在肺脏所引起的病理生理改变却相似，其主要特点为：①肺微血管壁通透性增加，间质水肿；②肺表面活性物质缺失，肺泡群萎陷。,"疾病百科,内科,呼吸内科","内科,呼吸内科","化脓性感染可使细菌毒素或细胞破溃产物进入肺循环。在内毒素作用下，体内释放出血管活性物质，能使毛细血管通透性增加。感染还可以转移至肺部，从而并发肺功能衰竭。
休克、创伤者由于大量失血造成的低血容量，可致心输出量降低，同时也造成肺血流量减少。由于肺血容量的减少和源源不断地接受体循环而来的微型栓子，可堵塞肺血管床，致阻碍气体交换的进行。
这是因为脑创伤可以激发强烈的交感神经冲动，导致显著的末梢血管收缩，随即迅速发生急性心力衰竭和肺水肿。
ARDS是由许多原因引起的急性肺泡-毛细血管膜损伤，有些原因可直接损伤肺：如①吸入烟雾，毒气，胃内容物及溺水；②服用过量海洛因或水杨酸盐；③细菌，病毒及真菌等所致肺部感染；④脂肪，羊水及血栓等引起肺栓塞；以及⑤肺挫伤，放射线损伤与氧中毒等。有些全身性病理过程可引起肺损伤，如败血症、休克、弥散性血管内凝血、过敏反应、创伤及烧伤等，烧伤面积超过40%就可能导致Pao2明显降低，有些治疗措施也可能引起ARDS，如血液透析，体外循环，用尼龙丝去除白细胞等。
根据病因的不同及病变特点，ARDS曾有20多个名称，如创伤后湿肺，败血症肺，休克肺，输血后肺，微血管漏出综合征，充血性肺不张，透明膜病，出现性肺综合征，僵肺综合症，进行性肺实变等。
成人呼吸窘迫综合征的病理变化
各种原因所致急性肺泡-毛细血管膜损害的病理变化均类似，可分为急性阶段与慢性阶段病变：
(一)急性阶段病变
主要为广泛肺泡血管内皮和肺泡上皮损伤所致肺水肿，首先是肺间质水肿，后出现肺泡水肿，肺重可达正常值之三倍，肺泡腔内液体蛋白质含量高，甚而是血性液体，并有血细胞，巨噬细胞，细胞碎片，无定形物质，纤维蛋白条和表面活性物质的残存物，偶而可见细胞碎片和蛋白等物质在纤维蛋白网眼中形成透明膜。
(二)慢性阶段病变
发病数天后进入慢性阶段，病变以细胞增生为主，两周后即可出现纤维化，Ⅱ型上皮细胞增生取代了变性坏死的Ⅰ型肺泡上皮细胞，加上各种细胞的浸润使肺泡间隔增厚，肺泡腔与肺泡管内富含蛋白质的液体机化而形成纤维化。
成人呼吸窘迫综合征的发病机制
ARDS的病变主要是肺泡-毛细血管膜损伤引起肺水肿和继后的细胞增生和纤维化，细胞增生反应和纤维化的机制和炎症修复过程相同，故此处着重讨论急性肺损伤的机制。
ARDS病人均有肺动脉高压，故有人强调肺微血管内高压为肺水肿的原因，但病人肺动脉楔压往往并不高，说明毛细血管压并不一定高，水肿液蛋白质含量丰富，动物实验也证明，类似ARDS的动物模型肺淋巴液流量增大，肺淋巴液中蛋白质浓度与血浆蛋白质浓度之比值大于0.7；此时，静脉注入的高分子右旋糖酐(分子量500，000)可透入肺泡液，均说明ARDS时的肺水肿主要是渗透性肺水肿，由于肺泡-毛细血管膜损伤使其通透性增高所致。
ARDS中肺泡毛细血管膜通透性增高的机制并未完全阐明，有些原始病因能直接损伤肺泡毛细血管膜使其通透性增高，如吸入胃酸，毒气，烟熏，放射性损伤及细胞毒素作用等。大量实验表明，更主要的是继发性损伤，即通过白细胞和血小板在肺内聚集引起肺泡-血管膜损伤使其通透性增高。
(一)中性粒细胞在ARDS发病中的作用
ARDS病人外周血液中中性粒细胞数减少，肺活检可见肺内有中性粒细胞聚集和浸润，支气管肺泡洗出液中中性粒细胞可增加20～100倍，现在一般认为中性粒细胞在肺中聚集，激活，释放氧自由基，蛋白酶和脂质代谢产物，从而导致肺微血管膜及肺泡上皮的损伤，是ARDS肺水肿的主要发病机制。
1、中性粒细胞在肺血管中聚集：正常人在直立体位时约有10～20%的中性粒细胞聚集在肺毛细血管床中，这是一种物理性扣留，由于一个肺泡有近千节(segment)毛细血管，每节毛细血管长1～30μm(平均8μm)，直径1～15μm(平均5μm)，一个血细胞从肺动脉流入肺静脉要经过100个以上的毛细血管节，中性粒细胞直径大于毛细血管口径，其形状与红细胞相比更接近球形，故变形能力较差，变形速度较慢，所以中性粒细胞易被扣留在肺毛细血管床中。由于肺毛细血管床容量较大，白细胞的扣留对肺血管的阻力和肺动脉压的影响不大，物理性扣留的中性粒细胞一般不进入肺泡腔，故正常人支气管肺泡洗出液中的细胞90～95%是巨噬细胞。
ARDS时中性粒细胞在肺血管中的聚集是化学性粘附(adhesion)，是由于趋化因子作用的结果，实验证明，中性粒细胞经趋化因子激活后与血管内皮细胞之间的亲和力显著增强，肺泡毛细血管总面积达60m2,可粘附大量中性粒细胞，以至使外周血液中白细胞数减少。
趋化因子种类很多，主要有补体激活产物C5a，纤维蛋白降解产物(FDP)，花生四烯酸代谢产物如白三烯B4(LTB4)，羟花生四烯酸(HETE)和血栓素A2(AXA2)，血小板活化因子(PAF)，以及其他具趋化作用的蛋白质，多肽和脂质，其中研究较多的是补体的作用，在临床确诊ARDS前8小时血浆C5a往往已升高，激活的补体本身并不直接损伤肺血管内皮细胞，它是通过激活中性粒细胞起损伤作用，给出羊灌注激活的补体可导致肺水肿。如先用氮芥使粒细胞减少后再灌注激活之补体，则肺水肿的发生明显较经，激活的中性粒细胞可浸润入肺间质和进入肺泡腔，ARDS病人支气管肺泡洗出液中存在补体碎片及大量中性粒细胞，近年来发现中性粒细胞表面有一组糖蛋白，后者与粒细胞的粘附和吞噬功能有关，它们是巨噬细胞分子-1(macrophage-1,Mac-1)淋巴细胞功能相关抗原-1(lymphocyte function associated antegen-1，LFA-1)，其中Mac-1与粘附功能关系最密切，正常中性粒细胞表面仅有少量Mac-1表达，在病理情况下，趋化因子的作用使中性粒细胞表面Mac-1表达量增加，促进中性粒细胞与血管内皮细胞间的粘附。
2、中性粒细胞对肺泡-毛细血管膜的损伤：动物实验中静脉注入内毒素，空气等可复制急性肺微血管损伤的模型，用佛波豆蔻醚乙酸盐(phorbol myristate acetate，PMA)激活的中性粒细胞灌注离体肺也可使肺毛细血管通透性增高，如先用羟基脲，氮芥等使动物中性粒细胞数减少，则内毒素，空气栓子等对肺微血管的损伤明显减轻，细胞培养中发现，中性粒细胞秘须紧密粘附于内皮细胞才能使单层肺动脉内皮的通透性增高，以上说明减轻，细胞培养中发现，中性粒细胞必须紧密粘附于内皮细胞才能使单层肺动脉内皮的通透性增高，以上说明，中性粒细胞的粘附与激活在ARDS发病中具有重要作用，很可能是中性粒细胞激活时释放的氧自由基，蛋白酶，脂质代谢产物和肽类物质等造成肺泡-毛细血管膜的损伤。
(1)氧自由基的作用：中性粒细胞被激活时，耗氧量急剧上升，比静息时增加数倍至数十倍，此时细胞膜上的NADPH氧化酶(NADPh oxidase)被激活，将还原型辅酶Ⅱ(NADPH)转变为氧化型(NADP)，氧分子则获得电子形成超氧阴离子O2-，由O2-又可生成H2O2和OH，将正常中性粒细胞和其激活剂PMA一起灌注离体肺可引起肺水肿，水肿液蛋白质含量高；如将遗传性慢性肉芽肿病患者的中性粒细胞与PMA灌注则不引起肺水肿，因为慢性肉芽肿病患者的中性粒细胞缺乏NADPH氧化酶，氧自由基的生成少，另外，静脉内注射氧自由基清除剂，如超氧化物歧化酶(SOD)，过氧化氢酶，过氧化物酶，二甲本硫脲等，可减轻实验动物的急性肺损伤，可见，中性粒细胞激活时通过释放氧自由基引起肺损伤。
氧自由基损伤肺微血管内皮及肺泡上皮细胞的作用可能有以下几个方面：①作用于细胞膜和细胞器膜，使其脂质过氧化，从而损害细胞膜和细胞膜的结构和功能；②作用于酶，使之失活；③作用于α1—蛋白酶抑制物，使之失活，从而增强溶酶体释放的蛋白酶对组织的破坏作用；④作用于血浆成份，可形成一种很强的趋化物，引起更多的中性粒细胞在肺内聚集与激活，产生更多的氧自由基，由此形成阳性反馈，加重肺的损伤。
(2)蛋白酶的作用：中性粒细胞中溶酶体含有多种中性蛋白酶和酸性蛋白酶，当中性粒细胞被激活或破坏时，释出的这些酶可引起周围蛋白质的分解和组织结构的破坏，使肺泡-毛细血管膜的通透性增高，其中研究较多的是中性粒细胞弹性蛋白酶，例如实验中发现，ARDS病人支气管肺泡洗出液中弹性蛋白酶活性很高，给动物注射内毒素或油酸复制ARDS模型时，其血浆及肺泡洗出液中弹性蛋白酶含量也增多；给动物注射中性粒细胞弹性蛋白酶可引起肺血管内皮及肺泡上皮的通透性增高；组织培养中加入弹性蛋白酶导致内皮细胞分散等，说明中性粒细胞弹性蛋白酶与ARDS中的肺损伤有关，弹性蛋白酶可降解弹性蛋白，胶原蛋白，纤维连接蛋白(fibronectin,FN)等，纤维连接蛋白在内皮细胞之间和内皮细胞与基底膜之间起“锚连”作用，纤维连接蛋白受损，则血管通透性增高。
肝脏和肺泡巨噬细胞能合成α1-蛋白酶抑制物(α1-protease inhibitor,α1-PI)，后者能抑制弹性蛋白酶，虽然ARDS病人血浆α1-PI可正常，支气管肺泡洗出液中α1-PI活性却降低，可能由于中性粒细胞产生的自由基使其氧化灭活所致，蛋白酶与蛋白酶抑制物间的失衡更加重了蛋白酶对组织的损伤，使肺泡-毛细血管膜通透性增高。
3、脂类代谢产物的作用：内毒素等许多致病因素激活中性粒细胞，巨噬细胞，肥大细胞，内皮细胞等细胞膜上的磷脂酶A2，使膜磷脂裂解为花生四烯酸，后者通过环加氧酶途生成前列腺素，通过脂加氧酶途径生成白三烯，一般认为白三烯，TXA2，和PGF2α既可收缩肺小动脉引起肺动脉高压，也能增加肺微血管的通透性；而PGI2和PGE1则有扩张血管，降低血压，和使血管通透性降低的作用，急性肺损伤的动物及病人肺泡洗出液及血液中TXA2，PGF2α和LTs均增多，有实验证明PGI2和PGE1对急性肺损伤有一定的治疗作用，白细胞，巨噬细胞，肥大细胞和内皮细胞等激活后还可释放血小板活化因子(PAF)，PAF可促使血小板聚集和TXA2合成，从而导致微血管通透性增高。
4、蛋白类物质的作用巨噬细胞等激活后尚可释放蛋白类物质,其中较重要的有肿瘤坏死因子(TNF)及白细胞介素ⅠIL-1)，人及动物在内毒素血症时血浆中TNF和IL-1增多，TNF能使肺血管通透性增高,并促使中性粒细胞在肺中聚集;IL-1剌激T淋巴细胞产生白细胞介素2(IL-2),后者也可使肺血管通透性增高。
总之,现在一般认为,中性粒细胞巨噬细胞在肺内聚集，激活释出大量氧自由基和蛋白酶及脂类代谢产物和蛋白类,引起肺泡-毛细血管膜的损伤和通透性增高,导致肺水肿，这是ARDS的主要发病机制，虽然有报导白细胞减少的病人患败血症时也可发生急性肺损伤，用药物使动物中性粒细胞减少对注油酸引起肺损伤并无明显影响，但这些事实并不足以否定中性粒细胞的致病作用，因为外周血液中的中性粒细胞数不一定能反映肺循环中的粒细胞数，而且究竟需要多少中性粒细胞激活就足以引起急性肺损伤尚不了解，也可能正常聚集在肺血管中的中性粒细胞只有一部分被激活就足以损伤肺而导致ARDS。
(二)凝血系统在ARDS发病中的作用
ARDS病人肺活检及死后尸解发现，肺小动脉血栓可发生于肺充血，水肿，出血及透明膜的形成之前，ARDS病人合并有弥散性血管内凝血者，其低氧血症和肺顺应性降工远较未合并DIC者为重，中性粒细胞激活和肺组织损伤所释放的促凝物质，肺血管内皮损伤和血液停滞，可导致血小板聚集和血管内凝血形成微血栓，肺内广泛微血栓形成可能引起：①肺循环阻力增加使肺动脉压升高，未堵塞的肺血管则血液量增大和毛细血管压升高，导致压力性肺水肿；②血栓损伤血管壁和血小板释放的血管活性物质以纤维蛋白降解产物，可使血管通透性增高致渗透性肺水肿；③血小板的消耗，纤维蛋白降解产物的抗凝作用，和血管壁的损伤可引起肺内出血；④血小板释放的5-HT等介质使支气管收缩，影响肺通气，近年特别引人注目的是纤维蛋白降解产物(FDP)的作用，发现严重创伤烧伤或感染病人中，已合并ARDS者血中FDP水平比未发生ARDS者高得多，而且ARDS病情与FDP浓度有一定平行关系，将纤维蛋白碎片D(FD)注入家兔血管，可引起进行性外周血液血小板减少，肺间质内白细胞浸润，肺血管通透性增高和肺功能不全;如注入血浆白蛋白，纤维蛋白及纤维蛋白碎片E，则不出现以上病变，很可能小板上有FD特异的膜受体，后者与FD结合可激活血小板，引起血小板聚集和释放反应，另外，FD也是趋化物，能促使中性粒细胞在肺内聚集，粘附和激活，由此加重肺的损害。
正常肺毛细血管内皮的通透性比肺泡上皮高10倍，ARDS中肺毛细血管通透性的变化早于肺泡上皮，故先发生肺间质水肿，后出现肺泡水肿，肺泡上皮的损伤使Ⅱ型上皮细胞生成的表面活性物质减少，可导致肺不张，形成功能性分流。
在全身性病理过程如败血症，休克等，中性粒细胞粘附于血管内皮以及血管内凝血引起的组织损伤，不仅发生于肺内，也可发生于肝，肾，肠，心，内分泌器官等处。故不能把ARDS看成仅仅是肺的损伤，但肺的血流量最大，毛细血管床面积也最大，故肺受累最重，使病人主要表现为急性呼吸衰竭。
成人呼吸窘迫综合征时肺呼吸功能变化
ARDS所致外呼吸功能障碍以肺泡通气-血流比例失调为主，加上弥散功能障碍，表现为低氧血症性呼吸衰竭，极严重病例有总的肺泡通气量减少时可出现高碳酸血症性呼吸衰竭。
(一)肺泡通气-血流比例失调
由于Ⅱ型肺泡上皮细胞受损致表面活性物质的生成减少，肺泡水肿使表面活性物质被稀释和破坏，和肺泡过度通气引起的表面活性物质消耗，以致肺泡表面张力升高，肺顺应性降低，导致肺不张，由此形成功能性分流和真性分流，中性粒细胞等释出的白三烯等介质使支气管收缩，和水肿液堵塞小气道，气可造成肺通气障碍而形成功能性分流，ARDS病人分流量可达肺血流量的30%，肺血管内微血栓形成，血管活性物质引起不均匀的肺血管收缩，以及肺间质水肿对血管的压迫，不仅可增加肺血管阻力使肺动脉压升高，尚可增加死腔样通气，因此，肺泡通气-血流比例失调是病人发生呼吸衰竭最主要的原因。
(二)弥散功能障碍
肺间质和肺泡水肿，透明膜的形成和慢性阶段细胞的增生及肺纤维化，均可增加弥散膜的厚度，导致弥散功能障碍。
(三)肺泡通气量减少
ARDS时肺部病变的分布是不均的，肺顺应性降低引起的限制性通气障碍和小气道阻塞引起的阻塞性通气障碍，造成部分肺泡通气量减少，未受累或病变较轻的肺泡反而代偿性通气增强，排出过多的二氧化碳，故病人Paco2反而降低，当肺泡-毛细血管膜损伤更广泛更严重时，全肺总的肺泡通气量将减少，CO2将潴留而发生高碳酸血症，此时Pao2将进一步下降。
肺通气障碍，Pao2降低对血管化学感受器的剌激，肺充血和肺水肿对J感觉器的剌激，导致病人呼吸窘迫，感受器(juxtapulmonary capillary receptor)位于肺泡毛细血管旁，能感受毛细血管压力剌激，肺充血，肺水肿受剌激反射性地引起呼吸加快。","呼吸困难,紫绀,心源性呼吸窘迫","胸部CT检查,呼吸肌功能测定,血浆蛋白C抗原,肺泡气-动脉血氧分压差,肺毛细血管楔压",细菌性肺炎,根据不同医院，收费标准不一致，市三甲医院约（5000——20000元）,2-4月,"药物治疗,支持性治疗",85%,无特定人群,3%,无传染性,对高危的患者应严密观察，加强监护，当发现呼吸频速，PaO2降低等肺损伤表现，应早期给予呼吸支持和其它有效的预防及干预措施，防止ARDS进一步发展和重要脏器损伤。,"注射用还原型谷胱甘肽钠,注射用盐酸氨溴索,人血白蛋白,盐酸氨溴索葡萄糖注射液","人血白蛋白,注射用还原型谷胱甘肽钠","莱士人血白蛋白(人血白蛋白),卫光生物人血白蛋白(人血白蛋白),泰邦生物人血白蛋白(人血白蛋白),绿十字(中国)生物制品人血(人血白蛋白),人血白蛋白(人血白蛋白),松泰斯(注射用还原型谷胱甘肽钠),欣得生(盐酸氨溴索葡萄糖注射液),武汉生物人血白蛋白(人血白蛋白),诺健(注射用盐酸氨溴索),广春药业盐酸氨溴索葡萄糖注(盐酸氨溴索葡萄糖注射液),罗欣药业注射用盐酸氨溴索(注射用盐酸氨溴索),润阳药业盐酸氨溴索葡萄糖注(盐酸氨溴索葡萄糖注射液),博康健制药盐酸氨溴索葡萄糖(盐酸氨溴索葡萄糖注射液),德源生物人血白蛋白(人血白蛋白),六安华源制药盐酸氨溴索葡萄(盐酸氨溴索葡萄糖注射液),艾富西药业盐酸氨溴索葡萄糖(盐酸氨溴索葡萄糖注射液),山西康宝人血白蛋白(人血白蛋白),莎普爱思盐酸氨溴索葡萄糖注(盐酸氨溴索葡萄糖注射液),蜀阳药业人血白蛋白(人血白蛋白),双林生物人血白蛋白(人血白蛋白),蓉生药业人血白蛋白(人血白蛋白),金峰制药盐酸氨溴索葡萄糖注(盐酸氨溴索葡萄糖注射液),广东卫伦人血白蛋白(人血白蛋白)","莲子,生菜,山药,空心菜","啤酒,白酒,洋葱,辣椒(红、尖、干)","百合糖粥,百合粥,百合花生汤,首乌百合粥,薏米莲子粥,牛奶玉米汤,萝卜豆腐汤,瓜粒杂锦汤",否
大量羊水吸入,胎儿在宫内或分娩过程中吸入较大量羊水称大量羊水吸入(massiveaminoticfluidaspiration)，又称羊水吸入综合征(aminoticfluidaspirationsydrom)。一般指羊水未被污染，常有一过性的呼吸困难或青紫，症状轻，预后好。如肺部发生炎性反应，称为羊水吸入性肺炎。,"疾病百科,儿科,小儿内科","儿科,小儿内科","任何因素导致胎儿宫内或产时缺氧。由于低氧血症刺激胎儿呼吸中枢，出现喘息样呼吸，致羊水被吸入呼吸道，羊水吸入后很快被肺泡毛细血管吸收，羊水中的皮脂和脱落的角化上皮细胞在肺泡内可引起化学性和机械性的刺激而发生弥漫性肺炎，使气体弥散功能下降。
异常分娩（abnormal labor）又称难产（dystocia）。其主要特征为产程进展缓慢而延长。引起异常分娩的因素包括产力、产道、胎儿及产妇精神心理因素。产程延长会增加分娩期母儿并发症，严重者可直接危及母儿生命。
胎儿宫内窘迫是由于胎儿缺氧所引起，多数发生在临产后，但也可发生在妊娠期。胎儿宫内窘迫是胎儿围产期死亡及新生儿神经系统后遗症的常见原因，占围产儿死亡原因的首位。可分为急性胎儿窘迫和慢性胎儿窘迫。
胎儿体重≥4000g称为巨大胎儿。通过正常产道常发生困难，发生肩性难产机会多，需手术助产，处理不当可发生软产道损伤或子宫破裂。","面色青紫,呼吸困难,口唇青紫,肺纹理增粗,出生后即有持续青紫,口唇和甲床略带青紫,气急","肺部检查,胸部透视,胸部平片,胸部CT检查",呼吸衰竭,根据不同医院，收费标准不一致，市三甲医院约（1000——5000元）,1-3周,"对症治疗,药物治疗,支持性治疗",85%,好发于新生儿,0.001%,无传染性,预防的关键是预防胎儿宫内或产时缺氧，母亲定期做产前检查是非常必要的，发现胎儿有宫内窒息的征象时，应尽快结束分娩，缺氧时间越长，吸入羊水的可能和吸入羊水的量将越大，并且长时间宫内缺氧还可造成胎儿脑损伤，在孩子娩出时的瞬间应尽快插管吸出孩子口鼻，咽腔和大气管内的羊水，避免在孩子产生啼哭时将这些部位的羊水吸入更深的肺部，使病情进一步加重。产前产时妥善处理胎儿窘迫 尽量避免和减少发生吸入，胎头娩出在未出现第一次呼吸前即于挤除或用一次性吸管清除口咽，鼻粘液极为重要也是降低发病的关键，围生医，护人员通过窒息复苏处理训练合格再上岗是必要的羊水吸入性肺炎经过治疗，预后较好，绝大多数孩子都能痊愈，并且不留任何后遗症。,,,,,,,否
单纯性肺嗜酸粒细胞浸润症,单纯性肺嗜酸粒细胞浸润症，又名吕弗琉综合征，是吕弗琉于1932年首先描述本病。单纯性肺嗜酸粒细胞浸润症特点为游走性肺部浸润伴外周血嗜酸粒细胞计数增高，肺部症状轻微，多数仅有轻咳，病程呈自限性，常于3～4周内自行痊愈。,"疾病百科,内科,呼吸内科","内科,呼吸内科","实验证明，进食蛔虫卵后，幼虫移行至肺可发生本症典型的肺部表现和嗜酸性粒细胞升高。引起本病的其他寄生虫还有钩虫、丝虫、绦虫、姜片虫、旋毛虫和阿米巴原虫等。
药物有对氨水杨酸、阿司匹林、青霉素、硝基呋喃妥因、保泰松、氯磺丙脲、肼苯达嗪、美卡拉明(美加明)、磺胺药和甲氨蝶呤等，引起的肺泡一过性变态反应。
本病在某些地区呈季节性流行，故推测环境抗原因素在某些地区亦为可能的病因。有时吸入花粉也可发生本病。
病理变化主要位于肺间质，肺泡壁及终末细支气管壁，有不规则的嗜酸粒细胞浸润灶，有时肺泡内可见成堆的嗜酸粒细胞，极少累及血管。","嗜酸性粒细胞增多,咽部异物感,胸闷憋气,咯血伴发热,胸闷,乏力","痰液中细胞分类,胸部平片,痰液中寄生虫和虫卵",胆道蛔虫病,根据不同医院，收费标准不一致，市三甲医院约（3000 —— 8000元）,3-6周,药物治疗,100%,无特定的人群,0.005%-0.008%,无传染性,注意饮食卫生，防止感染蛔虫、钩虫、丝虫、绦虫、姜片虫、旋毛虫和阿米巴原虫等。,"注射用盐酸头孢替安,注射用磺苄西林钠,托西酸舒他西林胶囊,头孢泊肟酯胶囊,头孢氨苄甲氧苄啶片","头孢泊肟酯胶囊,头孢氨苄甲氧苄啶片","亮博(头孢泊肟酯胶囊),白云山光华头孢氨苄甲氧苄啶(头孢氨苄甲氧苄啶片),头孢氨苄甲氧苄啶片(头孢氨苄甲氧苄啶片),锋替新(注射用盐酸头孢替安),西岳制药托西酸舒他西林胶囊(托西酸舒他西林胶囊),华瑞联合制药头孢氨苄甲氧苄(头孢氨苄甲氧苄啶片),明水药业头孢氨苄甲氧苄啶片(头孢氨苄甲氧苄啶片),注射用磺苄西林钠(注射用磺苄西林钠),圣大（张家口）头孢氨苄甲氧(头孢氨苄甲氧苄啶片),大连药业托西酸舒他西林胶囊(托西酸舒他西林胶囊),瑞阳制药注射用磺苄西林钠(注射用磺苄西林钠),注射用盐酸头孢替安(注射用盐酸头孢替安),赤峰维康托西酸舒他西林胶囊(托西酸舒他西林胶囊),彼迪药业托西酸舒他西林胶囊(托西酸舒他西林胶囊),复仙安(注射用盐酸头孢替安),哈药总厂头孢氨苄甲氧苄啶片(头孢氨苄甲氧苄啶片),云门药业头孢氨苄甲氧苄啶片(头孢氨苄甲氧苄啶片),哈药总厂注射用磺苄西林钠(注射用磺苄西林钠),萨兰欣(注射用盐酸头孢替安),搏沃欣(头孢泊肟酯胶囊),哈药总厂托西酸舒他西林胶囊(托西酸舒他西林胶囊),全星制药注射用盐酸头孢替安(注射用盐酸头孢替安),罗欣药业注射用盐酸头孢替安(注射用盐酸头孢替安)",,,,否
大叶性肺炎,大叶性肺炎(lobarpneumonia)，又名肺炎球菌肺炎，是由肺炎双球菌等细菌感染引起的呈大叶性分布的急性肺实质炎症。好发于青壮年男性和冬春季节，常见诱因有受凉、淋雨、醉酒或全身麻醉手术后、镇静剂过量等，当这些诱因使呼吸道防御功能被削弱时，细菌侵入肺泡通过变态反应使肺泡壁毛细血管通透性增强，浆液及纤维素渗出，富含蛋白的渗出物中细菌迅速繁殖，并向邻近肺组织蔓延，波及一个肺段或整个肺叶。近年来由于大量强有力抗生素的使用，典型的大叶性肺炎已较少见到。临床症状有突然寒战、高热、胸痛、咳嗽、咳铁锈色痰，部分患者有恶心、呕吐及烦躁不安、谵妄等消化系统和神经系统症状。体征有急性病容，呼吸急促，鼻翼扇动，早期肺部体征不明显或仅有呼吸音减低和胸膜摩擦音;实变期可有典型体征，如患侧呼吸运动减弱，语颤增强，叩诊浊音，听诊呼吸音减低，有湿罗音或病理性支气管呼吸音。血白细胞计数及中性粒细胞增高;典型的X线表现为肺段、叶实变。该病病程短，及时应用青霉素等抗生素治疗可痊愈。,"疾病百科,内科,呼吸内科","内科,呼吸内科","多种细菌均可引起大叶性肺炎，但绝大多数为肺炎链球菌。肺炎链球菌为革兰阳性球菌，有荚膜，其致病力是由于高分子多糖体的荚膜对组织的侵袭作用。少数为肺炎杆菌、金黄色葡萄球菌、溶血性链球菌、流感嗜血杆菌等。
当机体受寒、过度疲劳、醉酒、感冒、糖尿病、免疫功能低下等使呼吸道防御功能被削弱，细菌侵入肺泡通过变态反应使肺泡壁毛细血管通透性增强，浆液及纤维素渗出，富含蛋白的渗出物中细菌迅速繁殖，并通过肺泡间孔或呼吸细支气管向邻近肺组织蔓延，波及一个肺段或整个肺叶。大叶间的蔓延系带菌的渗出液经叶支气管播散所致。
大叶肺炎病变起始于局部肺泡，并迅速蔓延至一个肺段或整个大叶。临床上起病急骤，病程大约一周。常以高热、恶寒开始，继而出现胸痛、咳嗽、咳铁锈色痰、呼吸困难、并有肺实变体征及外周血白细胞计数增高等。","湿啰音,胸痛,发烧,咳铁锈色痰,急性面容,呼吸音减弱","Optochin敏感试验,小白鼠毒力试验,痰培养,肺活量体重指数,胸部平片,免疫电泳,血常规,痰液细菌涂片检查",脓胸,根据不同医院，收费标准不一致，省市三甲医院约（3000-8000元）,7--10天,"青霉素等抗生素药物治疗,对症支持性治疗,并发症治疗",90%以上,多发生于青壮年男性,0.4%,无传染性,"1、注意预防上呼吸道感染，加强耐寒锻炼。
2、避免淋雨受寒，醉酒，过劳等诱因。
3、积极治疗原发病，如慢性心肺疾病，慢性肝炎，糖尿病和口腔疾病等，可以预防大叶性肺炎。","阿奇霉素胶囊,阿奇霉素分散片,诺氟沙星胶囊,阿奇霉素片,乳酸左氧氟沙星片","乳酸左氧氟沙星片,阿奇霉素片","宜昌长江乳酸左氧氟沙星片(乳酸左氧氟沙星片),希舒美(阿奇霉素片),维宏(阿奇霉素片),宜昌长江阿奇霉素分散片(阿奇霉素分散片),大连天宇制药阿奇霉素胶囊(阿奇霉素胶囊),兰花药业诺氟沙星胶囊(诺氟沙星胶囊),福邦药业阿奇霉素胶囊(阿奇霉素胶囊),葵花药业得菲尔公司阿奇霉素(阿奇霉素胶囊),利民制药阿奇霉素胶囊(阿奇霉素胶囊),东药阿奇霉素胶囊(阿奇霉素胶囊),浙江南洋药业阿奇霉素胶囊(阿奇霉素胶囊),江苏长江阿奇霉素胶囊(阿奇霉素胶囊),辅仁药业阿奇霉素片(阿奇霉素片),汇仁药业阿奇霉素片(阿奇霉素片),爱普森药业阿奇霉素片(阿奇霉素片),石药欧意诺氟沙星胶囊(诺氟沙星胶囊),白云山医药诺氟沙星胶囊(诺氟沙星胶囊),康美药业诺氟沙星胶囊(诺氟沙星胶囊),锦华药业诺氟沙星胶囊(诺氟沙星胶囊),北京京丰制药集团诺氟沙星胶(诺氟沙星胶囊),欣匹特(阿奇霉素分散片),海王阿奇霉素片(阿奇霉素片),安诺药业阿奇霉素分散片(阿奇霉素分散片)","栗子（熟）,鲫鱼,猪肉(瘦),油菜","洋葱,辣椒(青、尖),辣椒(红、尖、干),韭菜","奶汤锅子鱼,酱豆腐汁烧猪肉,百合汤,山楂百合汤,番茄鸡蛋煎饼,凉拌番茄,番茄猪肝瘦肉汤,番茄牛肉",否
大楼病综合征,大楼病综合征有多种表现，均因接触各种有害物质所致。好发于办公室内工作的人群，或人员密集的大楼内工作的人群。最常发生于新的密闭大楼内，这种大楼为了减少散热而不开窗，大楼内安装有加热及降温管道，这些管道由同一处发出。CO2升高是这些大楼最常见现象，是大楼病综合征的一个常见原因。患者变得焦虑，过度通气，进而发展成手足抽搐和严重的呼吸困难。,"疾病百科,其他科室,其他综合","其他科室,其他综合","高层建筑的大楼里，空气中含有危险的尘埃。这是因为吸烟或使用天然气、煤气、清洁剂、油漆、粘合剂等，不断地释放出许多种有机化学物。由于高楼人们在室内逗留时间较长，加上通风不好，就会使空气“稠化”。
它们都在向空间发射不同能量、不同频率的电磁波，由于大楼混凝土板块的作用，电磁波便像幽灵一样，在大楼里荡来荡去，这些电磁波会影响人体固有的电流和磁波，导致心律不齐和神经衰弱。
各种新型材料及室内塑料地板、壁纸、家具、涂料等装饰用品，常含有不同程度的有毒成分。这些物质可以通过人体呼吸道和皮肤的吸收，进入血液循环系统，影响机体的免疫力，从而导致病症发生。","紧张性头晕,紧张性头痛,间歇性头晕,鼻塞,头晕,恶心,眼睛痒,目赤,间歇性头痛","钼靶X线检查,CT检查,血常规",抑郁症,根据不同医院，收费标准不一致，市三甲医院约（1000——5000元）,10天,"支持性治疗,康复治疗",90%,无特定人群,0.001%,无传染性,"大楼病综合征日常预防
新楼建成后不宜立即搬入办公或居住，平时应注意利用自然通风，排出楼内污浊有毒气体，保持室内空气清新干净。建议长期在室内工作的人员每两小时起身活动一次，既能活动身体，又能清脑提神，增强心肺功能，同时要多喝水，还可在室内放一些绿色植物，既美化环境，调节空气湿度，还能避免干燥刺激皮肤和呼吸系统。
大楼病综合征健康教育
健康的室内空气质量必须由建筑师，室内设计师，大楼经营者和使用者共同来创造。大楼拥有者和公司经营者的态度尤其重要，因为员工很难从个人层面做出具体改善，所以当老板发现员工接二连三出现身体不适的情形，可别以为他们夸张了感冒病情，当有一天他们不再抱怨时，可能都已经生病在家无法继续工作了。欧洲目前的建筑概念是让摩天大楼的每个窗子都能打开，每个房间都有独立空调，每个员工都能接近一个窗子，得到充分的阳光和空气。","注射用盐酸溴己新,云南花粉片","云南花粉片,注射用盐酸溴己新","云南白药云南花粉片(云南花粉片),丰原制药注射用盐酸溴己新(注射用盐酸溴己新),普德药业注射用盐酸溴己新(注射用盐酸溴己新),海斯制药注射用盐酸溴己新(注射用盐酸溴己新),国药国瑞注射用盐酸溴己新(注射用盐酸溴己新),云南白药云南花粉片(云南花粉片),傲群(注射用盐酸溴己新),智同生物注射用盐酸溴己新(注射用盐酸溴己新),澳利达奈德注射用盐酸溴己新(注射用盐酸溴己新),一品红注射用盐酸溴己新(注射用盐酸溴己新),海鲸药业注射用盐酸溴己新(注射用盐酸溴己新),益佳清(注射用盐酸溴己新),伏枝(注射用盐酸溴己新),云南白药云南花粉片(云南花粉片),云南白药云南花粉片(云南花粉片)","圆白菜,小白菜,生菜,空心菜","洋葱,辣椒(青、尖),辣椒(红、尖、干),韭菜","生姜乌梅饮,乌梅粥,山楂乌梅饮,山楂红糖粥,山楂桑椹粥",否
二硫化碳中毒,二硫化碳(carbondisulfide，CS2)是工业上应用广泛的化学溶剂，也用于粘胶纤维、四氯化碳，农药生产等。为无色易挥发的液体，带有芳香味，工业品有烂萝卜气味。二硫化碳中毒是指因生产中发生事故而吸入二硫化碳高浓度蒸气所致中枢神经系统损害，急性中毒时轻者酒醉状态，步态不稳，感觉异常，重者可出现兴奋，谵妄，严重时发生昏迷、抽搐，甚至呼吸中枢麻痹导致死亡。,"疾病百科,急诊科",急诊科,"发病原因：
二硫化碳的工业生产：常见用二硫化碳制粘胶纤维的化纤厂拉丝车间，以及制造玻璃纸、硫氰酸盐等化工生产中。由于二硫化碳对金属、木质及橡胶等都有较强的腐蚀作用，故生产设备、管道极易受腐蚀而发生跑、冒滴、漏或突然破裂等意外事故，导致急性中毒发生。
无防护地使用二硫化碳：在用二硫化碳为羊毛去脂的羊毛加工业，用作衣服去渍剂的干洗业，以及用作熏蒸剂为粮食消毒、灭虫的种库、粮仓，也可因疏于防护，在通风不良环境中作业过久而吸入大量高浓度二硫化碳气体，引起急性中毒。
制造二硫化碳的生产过程：在用硫蒸气通入燃烧的炭火以制造二硫化碳的生产过程中，如设备简陋或防护措施不周，可因吸入大量溢出的二硫化碳浓蒸气而发生急性中毒。
二硫化碳经呼吸道进入人体，也可经皮肤和胃肠道吸收，进入体内后，10～30％仍经肺排出，70％～90％经代谢从尿排出，CS2中毒机理尚未阐明，主要有以下几种可能：
1、CS2代谢物二硫代氨基甲酸酯与维生素B6结合，致使以吡哆醛为辅酶的一些酶，如转氨酶等受抑制。
2、二硫代氨基甲酸酯与微量元素结合，如与一些脱氢酶中锌和细胞色素氧化酶，多巴胺β-羟化酶中铜结合，使酶失去活性，干扰能量及儿茶酚胺代谢，损害神经系统，特别是锥体外系。
3、CS2抑制单胺氧化酶活性，使脑中5-羟色胺积蓄，与中毒性精神病可能有关。
4、CS2抑制血浆中脂蛋白酶和脂质清除因子活性，致脂蛋白和脂类代谢紊乱，β-脂蛋白可渗入动脉壁内，导致玻璃样变，动脉硬化。","昏迷,腱反射消失,呕吐,谵妄,多发性神经炎,浅感觉减退或缺失,恶心,感觉障碍","血常规,尿常规,肾功能检查,神经系统检查,眼底荧光血管造影,肌电图,脑电图检查,心肺功能运动试验（CPET）",昏迷,根据不同病情，不同医院，收费标准不一致，市三甲医院约（1000——5000元）,1-2个月,"药物治疗,支持性治疗",80-85%,接触化学染料及粘胶纤维的工人,发病率约为0.0001%--0.0005%,无传染性,我国现用的车间空气中CS2最高容许浓度为10mg/m3，已有一些研究结果提示，这一卫生标准需要修订，以确保作业者的健康。对CS2作业者应给予就业体检和上岗后的定期查体，包括内科，神经科和眼科检查，必要时进行神经肌电图，血脂，心电图等检查。具有器质性神经系统疾病，各种精神病，视网膜病变，冠心病或糖尿病者，不宜从事CS2作业。,"布美他尼片,十一味金色丸,注射用布美他尼,注射用呋塞米,盐酸利多卡因注射液,注射用硫代硫酸钠,大月晶丸,仁青芒觉,注射用鼠神经生长因子,地塞米松磷酸钠注射液","布美他尼片,十一味金色丸","桂林南药布美他尼片(布美他尼片),雄巴拉曲神水十一味金色丸(十一味金色丸),西藏甘露仁青芒觉(仁青芒觉),金诃藏药大月晶丸(大月晶丸),金诃藏药仁青芒觉(仁青芒觉),苏肽生(注射用鼠神经生长因子),新峰药业盐酸利多卡因注射液(盐酸利多卡因注射液),海斯制药盐酸利多卡因注射液(盐酸利多卡因注射液),西藏甘露十一味金色丸(十一味金色丸),卓峰地塞米松磷酸钠注射液(地塞米松磷酸钠注射液),白云山天心地塞米松磷酸钠注(地塞米松磷酸钠注射液),涟水制药地塞米松磷酸钠注射(地塞米松磷酸钠注射液),金耀药业地塞米松磷酸钠注射(地塞米松磷酸钠注射液),遂成药业地塞米松磷酸钠注射(地塞米松磷酸钠注射液),恩经复(注射用鼠神经生长因子),金路捷(注射用鼠神经生长因子),新亚注射用硫代硫酸钠(注射用硫代硫酸钠),北京永康药业盐酸利多卡因注(盐酸利多卡因注射液),北京益民药业盐酸利多卡因注(盐酸利多卡因注射液),中国大冢盐酸利多卡因注射液(盐酸利多卡因注射液),盐酸利多卡因注射液(盐酸利多卡因注射液),全星制药注射用布美他尼(注射用布美他尼),皇隆制药注射用呋塞米(注射用呋塞米)","生菜,南瓜,苦瓜,空心菜","啤酒,白酒,洋葱,辣椒(红、尖、干)","小麦粥,荞麦粥,杂粮粥,蔬菜杂烩粥,花生杏仁粥,豆薯小米粥,羊腩萝卜丝粥,绿豆南瓜汤",否
肺-胸膜阿米巴病,肺-胸膜阿米巴病是溶组织阿米巴原虫感染所致的肺及胸膜化脓性炎症，肝原性病变多发生在右下肺，血源性则多为两肺多发病变。肠外阿米巴病中，肺和胸膜阿米巴病发生率仅次于肝脏，胸部阿米巴病右侧多发且大多继发于靠近膈肌的肝阿米巴脓肿，而肝阿米巴脓肿是肠阿米巴病的晚期并发症。,"疾病百科,内科,呼吸内科","内科,呼吸内科","发病原因：
寄生于人体的阿米巴原虫有10余种，仅溶组织阿米巴原虫对人体有致病力，滋养体是原虫的寄生形式，体内以大小滋养体和包囊形式存在，大滋养体是致病型，小滋养体是滋养体与包囊的中间过渡类型，成熟包囊具有感染性，有较强的抵抗外界能力，在粪便中存活2周以上，在水中存活5周以上，是传播疾病的惟一形态，致病性阿米巴特有的编码蛋白水解酶基因，对侵犯组织能力有重要影响。
发病机制：
阿米巴原虫感染中，90%为隐性感染，10%发生侵袭性阿米巴病。这主要取决于感染虫株的特性，也与宿主机体免疫状态，营养状况和抵抗力有关，当人吞入被包囊污染的食物或水后，因包囊有抗胃酸作用，故顺利到达小肠下段，借助于胰蛋白酶的催化作用，囊内虫体脱囊而出，分裂成小滋养体，在肠腔内定居，在结肠功能正常情况下，小滋养体停止活动，分泌囊壁形成包囊，随粪便排出，当宿主机体抵抗力下降或肠功能紊乱时，小滋养体侵入肠壁，大量增殖，转变为大滋养体，病原虫直接接触并黏附到靶细胞，吞噬，溶解组织细胞，滋养体释放水解蛋白酶引起组织溶解坏死，同时对补体有抵抗作用，黏附参与机体应答的中性粒细胞，释放更多的酶，加重组织炎症和破坏，形成脓肿。
肺，胸腹阿米巴病90%为肝源性，可由肝脓肿穿破到胸膜和肺;经肝，膈，肺粘连处组织间隙，血管侵入肺;经肝静脉入下腔静脉至肺和胸膜，肠源性则滋养体从肠壁病灶经肠道淋巴管，胸导管入上腔静脉或直肠下静脉入下腔静脉侵入肺。","盗汗,腹泻,乏力,发热伴咳嗽、咯...","胸部平片,痰液病原体检查",阿米巴肝脓肿,根据不同医院，收费标准不一致，市三甲医院约（3000——8000元）,2周--2月,"药物治疗,支持性治疗,手术治疗",80%,无特殊人群,0.01%--0.03%,无传染性,"肺-胸膜阿米巴病日常预防
本病流行于全世界，多流行于热带和亚热带地区，但较寒冷的地区，甚至北极圈内也有阿米巴感染和流行，其感染率高低与各地环境卫生，经济状况和饮食习惯等密切相关，据估计全世界约有10%的人受染，有的地方感染率可高达50%，在我国的分布一般农村高于城市，近年来由于我国卫生状况和生活水平的提高，急性阿米巴痢疾和脓肿病例，除个别地区外，已较为少见，大多为散在分布的慢性迁延型或典型病例及带虫者。
㈠传染源：
慢性病人，恢复期病人及健康的带虫者为本病的传染源，包囊抵抗力很强，在潮湿低温的环境中，可存活12天以上，在水内可活9～30天，但包囊对干燥，高温和化学药物的抵抗力较弱，如50℃时，短时即死亡，干燥环境中的生存时间仅数分钟，在0.2%盐酸，10%～20%食盐水以及酱油，醋等调味品中均不能长时间存活，50%酒精能迅速杀死之。
㈡传播途径：
溶组织内阿米巴的传播方式有以下几种：
①包囊污染水源可造成该地区的暴发流行。
②在以粪便作肥料，未洗净和未煮熟的蔬莱也是重要的传播因素。
③包囊污染手指，食物或用具而传播。
④蝇类及蟑螂都可接触粪便，体表携带和呕吐粪便，将包囊污染食物而成为重要传播媒介。
㈢流行特点：
溶组织内阿米巴病发布广泛，在温带地区，该病可时有流行，而在热带及亚热带地区，其流行情况则尤为严重，在我国解放以来，各地阿米巴的感染率明显降低，如北京首都医院1973～1978年共检查了38 075例，阳性率为0.52%;福建医大1976年惠安检查216例儿童，阳性率4.63%;东北佳木期医学院报告(1980)，检查市郊中学生487例，阳性率仅为0.4%;1979年在浙江乐清普查一个大除农民557例，阳性率为3.2%，其发病情况因时而异，以秋季为多，夏季次之，发病率男多于女，成年多于儿童，这可能与吞食含包囊的食物或年龄免疫有关。","甲硝唑片,甲硝唑维B6片,替硝唑片,奥硝唑片","甲硝唑片,替硝唑片","飞云岭药业甲硝唑片(甲硝唑片),丽珠制药替硝唑片(替硝唑片),亨瑞达制药甲硝唑片(甲硝唑片),环科药业甲硝唑片(甲硝唑片),鲁抗赛特替硝唑片(替硝唑片),皇象铁力蓝天甲硝唑维B6片(甲硝唑维B6片),迪沙药业甲硝唑维B6片(甲硝唑维B6片),彼迪药业替硝唑片(替硝唑片),潇然(奥硝唑片),傲宁(奥硝唑片),衡博来(奥硝唑片),太原药业甲硝唑片(甲硝唑片),汉森制药甲硝唑片(甲硝唑片),海力制药替硝唑片(替硝唑片),津华晖星替硝唑片(替硝唑片),东药替硝唑片(替硝唑片),迪诺制药替硝唑片(替硝唑片),沈阳一药替硝唑片(替硝唑片),甲硝唑片(甲硝唑片),亚宝药业甲硝唑片(甲硝唑片),津华晖星甲硝唑片(甲硝唑片),华中药业甲硝唑片(甲硝唑片),康美药业甲硝唑片(甲硝唑片)",,,,否
肺出血－肾炎综合征,肺出血-肾炎综合征，又称抗基膜性肾小球肾炎，Goodpasture综合征或Goodpasture病，可能系病毒感染和/或吸入某些化学性物质引起。它是由抗基膜抗体导致的肾小球和肺泡壁基膜的严重损伤，临床表现为肺出血，急进性肾小球肾炎和血清抗肾小球基膜(GBM)抗体阳性三联征。多数患者病情进展迅速，预后凶险。,"疾病百科,内科,呼吸内科","内科,呼吸内科","呼吸道感染特别与流感病毒感染是本病最常见的诱因，最近研究发现获得性免疫缺陷病患者感染卡氏肺囊虫肺炎(Pneumocystis Carinii Pneumonia)后，机体易产生抗GBM抗体，Calderon等报道4例HIV感染者中3例抗Ⅳ型胶原α3链抗体(抗GBM抗体)阳性，提示卡氏肺囊虫肺炎时肺泡损害可以诱发肺出血-肾炎综合征。
硬皮病是以局限性或弥漫性皮肤及内脏器官结缔组织纤维化、硬化及萎缩为特点的结缔组织病，其主要特点为皮肤、滑膜、骨骼肌、血管和食道出现纤维化或硬化硬皮病(scleroderma)，是以局限性或弥漫性皮肤及内脏器官结缔组织纤维化、硬化及萎缩为特点的结缔组织病，其主要特点为皮肤、滑膜、骨骼肌、血管和食道出现纤维化或硬化。
吸入可卡因 Perez等报道1例长期吸烟的患者在吸用可卡因3周以后发生了肺出血-肾炎综合征。接触汽油蒸汽羟化物，松节油及吸入各种碳氢化合物。
发病机制
由于某些病因使机体同时产生了抗肺泡，肾小球基底膜抗体，并由此攻击了肾小球与肺，发生Ⅱ型变态反应，至于同时向肺泡和肾小球发生免疫复合物沉积并激活补体(Ⅲ型变态反应)的发病机理，尚无确切的解释。
1962年Steblay等人证实，肺出血-肾炎综合征的肾小球基底膜(GBM)损害是由抗GBM抗体介导，遂后大量的研究工作集中于分离和研究GBM组分，寻找抗体针对的相应抗原及表明抗原的分子结构与特征，近年来随着分子生物学及生物化学的飞速发展，人们在新发现的胶原Ⅳ的α3(Ⅳ)链中，证实α3(Ⅳ)链的NC1结构域是Goodpasture自身抗原，又称Goodpasture抗原，继而克隆了该抗原基因Co14A3，定位于第二条染色体q35～37区域。
应用间接免疫荧光和免疫电镜技术证实，Goodpasture抗原不仅见于GBM，也分布于肾小管基膜(TBM)，肺泡毛细血管基膜(ABM)及其他组织基膜(如脉络膜，角膜，晶体，视网膜血管基底膜等处)，但具有致病作用的Goodpasture抗原主要分布于GBM，TBM和ABM，抗原的隐匿性造成其暴露过程的可逆性，体外可通过6mol盐酸胍或pH 3的强酸条件暴露α3NC1结构域，但体内抗原是如何暴露并产生免疫应答损伤GBM尚未完全明了，目前推测，在生理条件下Goodpasture抗原隐匿在胶原Ⅳα3NC1结构域中，各种诱发因素(毒素，病毒感染，细菌感染，肿瘤，免疫遗传因素)及内毒素等均可激活上皮，内皮及系膜细胞增殖，并释放炎性介质(IL-1，RDS，前列腺素，中性蛋白酶等)，GBM等在细胞酶作用下，胶原Ⅳ高级结构解离，暴露Goodpasture抗原决定簇，刺激机体产生抗体，导致免疫损伤，由于在全身毛细血管内皮层中唯有肾小球毛细血管的内皮层有窗孔，使得抗体可以与GBM抗原直接接触而致病，而ABM只有当受到某些外界因素(如感染，吸烟，吸入汽油或有机溶剂)影响后，破坏其完整性使基底膜抗原暴露后肺部方出现病症，此即为何肾脏最易受累且受累程度与抗体滴度相一致，而肺部受累程度与抗体滴度不一致的缘故。
本病患者HLA-DR2等抗原频率明显增高(达89%，正常对照仅32%)，应用基因DNA限制性片段长度多态性分析还显示本病与HLA-DR4，HLA-DQβ链基因DQWLb和DQW3相关，表明HLA二类抗原相关的淋巴细胞在本病起一定作用，有实验发现，如果仅给受试动物抗GBM抗体虽可产生GBM线条状沉着，但不发病，只有同时输入患病动物T细胞后受试动物才发病，如此证实T细胞在本病发病机制中起重要作用，近年的研究也发现，某些细胞因子如肿瘤坏死因子，IL-1可以加重本病的发展。
肺部病变表现为 肺丰满胀大，表面有较多出血斑，光镜下可见肺泡腔内有大量红细胞及很多含有含铁血黄素的巨噬细胞，肺泡壁呈局灶性增厚，纤维化，肺泡细胞肥大，电镜下可见肺泡基底膜增厚及断裂，内皮下有电子致密物呈斑点样沉积，而内皮细胞正常，免疫荧光检查可见毛细血管壁有IgG，C3呈连续或不连续线样沉积。
肾脏病变可见到双肾柔软呈灰白色，表面有多数小出血斑点，光镜下多数呈新月体性肾炎的病变特征，但内皮及系膜细胞增生一般不重，可见毛细血管纤维素样坏死，晚期肾小球纤维化，肾间质可见炎症细胞浸润及间质小动脉炎，肾小管变性，萎缩和坏死，电镜下可见球囊下皮细胞增生，形成新月体，系膜基质增生，基底膜断裂，肾小球毛细血管壁一般无致密物沉积，偶见内皮下有电子致密物呈斑点样沉积，免疫荧光检查可见IgG(100%)，C3(60%～70%)沿肾小球毛细血管壁呈线状沉积，部分患者远曲小管基底膜上抗体IgG阳性。
既往认为本病征主要是由基底膜(GBM)抗体解导引起，免疫荧光检查示IgG沿肾小球基底膜呈线条状沉积，此症仅一部分可确诊为肺出血-肾炎综合征，另一部分患者临床酷似肺出血-肾炎综合征，但其免疫荧光则示IgG沿GMB呈颗粒状沉积，血中抗GBM抗体阴性，实际此部分病例系免疫复合物性肾炎(ICGN)，自身免疫机理在本病起重要作用，表现为ICGN者，是由于免疫复合物沉积于肾小球及肺泡的相应部位而引起，临床上肺部病变出现于肾病变之前，肾功能多急速恶化，可于数周至数月内死亡。","肺部出血,呼吸困难,咯血,气短,发热伴咳嗽、咯...,蛋白尿","痰液常规检查,尿液镜检法,胸部平片,肾功能检查,抗肾小球基底膜抗体测定（AGBM）,隐血试验与含铁血黄素检查",便血,根据不同医院，收费标准不一致，市三甲医院约（3000 —— 8000元）,10-30天,"药物治疗,康复治疗,支持治疗",70%,无特殊人群,0.0001%,无传染性,肺出血-肾炎综合征可迅速致死。死亡原因常为肺出血和呼吸衰竭，在急性期常需气管插管，辅助通气和血透。随后的处理依赖于大剂量皮质类固醇的使用(甲基强的松龙每日7~15mg/kg，分次静脉注射)，免疫抑制剂环磷酰胺及反复血透排除循环中抗肾小球基膜抗体。免疫抑制治疗的疗程变动较大。,"雷公藤多苷片,注射用甲泼尼龙琥珀酸钠,蒺藜药酒,甲泼尼龙片","雷公藤多苷片,甲泼尼龙片","得恩德制药雷公藤多苷片(雷公藤多苷片),复旦复华雷公藤多苷片(雷公藤多苷片),远大医药黄石飞云制药雷公藤(雷公藤多苷片),美通制药雷公藤多苷片(雷公藤多苷片),普洛康裕天然药物雷公藤多苷(雷公藤多苷片),新陇海药业雷公藤多苷片(雷公藤多苷片),贵州汉方药业雷公藤多苷片(雷公藤多苷片),尤金(甲泼尼龙片),美卓乐(甲泼尼龙片),米乐松(注射用甲泼尼龙琥珀酸钠),甲强龙(注射用甲泼尼龙琥珀酸钠),金耀药业注射用甲泼尼龙琥珀(注射用甲泼尼龙琥珀酸钠),央宗药业蒺藜药酒(蒺藜药酒),德远药业雷公藤多苷片(雷公藤多苷片),比利时辉瑞注射用甲泼尼龙琥(注射用甲泼尼龙琥珀酸钠),米乐松(注射用甲泼尼龙琥珀酸钠),重庆华邦制药注射用甲泼尼龙(注射用甲泼尼龙琥珀酸钠),金耀药业注射用甲泼尼龙琥珀(注射用甲泼尼龙琥珀酸钠),辽宁海思科注射用甲泼尼龙琥(注射用甲泼尼龙琥珀酸钠),辽宁海思科注射用甲泼尼龙琥(注射用甲泼尼龙琥珀酸钠),甲强龙(注射用甲泼尼龙琥珀酸钠),甲强龙(注射用甲泼尼龙琥珀酸钠),南光注射用甲泼尼龙琥珀酸钠(注射用甲泼尼龙琥珀酸钠)","茄子,空心菜,茭白,番茄","竹笋,辣椒(青、尖),辣椒(红、尖、干),韭菜","肉末冬瓜,肉松,五丝白菜卷,拌肚丝白菜,冬菇烧白菜,水萝卜丝拌白菜,珊瑚白菜墩,素炒小白菜",否
肺放线菌病,"肺放线菌病(pulmonaryactinomycosis)是由厌氧的以色列放线菌感染肺部引起的慢性化脓性肉芽肿性疾病，病变以多发性脓肿和窦道形成，分泌物含有硫黄色颗粒脓液为特征，易形成纤维化。本菌为正常人口腔、龋齿，扁桃体隐窝中的常存菌,多数由于口腔卫生不良，吸入含有放线菌颗粒的分泌物而发病，也可来自血行播散或腹部病灶的直接蔓延，颈面部和胸腹部病变约占1/3。肺脏罹患放线菌感染，称为肺放线菌病。","疾病百科,内科,呼吸内科","内科,呼吸内科","放线菌常寄生于人体口腔黏膜，牙龈，扁桃体，结肠等处，当机体抵抗力下降，可因口腔分泌物吸入而侵入呼吸道，首先在支气管内引起病变，再侵入肺实质，亦可由于食管病变向纵隔蔓延，或腹部感染穿过膈肌波及胸膜和肺，在肺部引起化脓性肺炎，并经叶间隙，胸膜侵犯胸壁，肋骨，形成窦道，也可侵入血循环，引起全身播散。
发病原因
放线菌属原核生物，具有细菌的特征，其增殖不是孢子形成或丝状芽生，而是通过细菌分裂复制，绝大多数为厌氧菌或兼性厌氧菌，因此在无氧环境中生长最好，在组织内生长则紧密聚集在一起，肉眼可见，称为颗粒，以色列放线菌是最常见病原菌，其他如赖氏放线菌，粘放线菌等也可致病。
发病机制
本病的病理特征是多发性脓肿，瘘管，肉芽增生和纤维性变，病原菌入侵后，在组织内最先引起白细胞浸润，形成多发性小脓肿，脓肿穿破形成多个窦道，在脓液和窦道分泌物中可以见到硫黄颗粒，病变晚期，慢性肉芽组织增生，病变邻近组织纤维性变，病变累及胸膜，引起胸膜炎或脓胸，并可穿破胸壁形成瘘管，本病特点为破坏和增生同时进行，在病变结疤痊愈的同时，仍可向周围组织扩展。","骨膜炎,体重减轻,咯血,盗汗,乏力,低热","痰液病原体检查,胸部平片",膈下脓肿,根据不同医院，收费标准不一致，省市三甲医院约（5000——10000元）,2-12月,大剂量青霉素治疗、手术治疗,96%,无特殊人群,0.002%--0.004%,无传染性,"1、注意饮食卫生，不吃变质食品。
2、注意口腔卫生,防止感染，如拔牙后应及时用抗生素等。
3、对病牙及扁桃体等病灶应早期治疗，以清除放线菌的发源地。","盐酸克林霉素棕榈酸酯分散片,注射用美洛西林钠舒巴坦钠,盐酸克林霉素棕榈酸酯颗粒,盐酸克林霉素胶囊","盐酸克林霉素棕榈酸酯分散片,盐酸克林霉素胶囊","一品红盐酸克林霉素棕榈酸酯(盐酸克林霉素棕榈酸酯分散片),杭州民生药业盐酸克林霉素胶(盐酸克林霉素胶囊),盐酸克林霉素胶囊(盐酸克林霉素胶囊),宜昌人福盐酸克林霉素胶囊(盐酸克林霉素胶囊),东药盐酸克林霉素胶囊(盐酸克林霉素胶囊),康普药业盐酸克林霉素胶囊(盐酸克林霉素胶囊),锦华药业盐酸克林霉素胶囊(盐酸克林霉素胶囊),仁和药业盐酸克林霉素胶囊(盐酸克林霉素胶囊),安诺药业盐酸克林霉素胶囊(盐酸克林霉素胶囊),天方药业盐酸克林霉素胶囊(盐酸克林霉素胶囊),科伦药业盐酸克林霉素胶囊(盐酸克林霉素胶囊),星斗药业盐酸克林霉素胶囊(盐酸克林霉素胶囊),苏州三药盐酸克林霉素胶囊(盐酸克林霉素胶囊),河南羚锐制药盐酸克林霉素胶(盐酸克林霉素胶囊),可尔生(盐酸克林霉素棕榈酸酯颗粒),亚太药业盐酸克林霉素胶囊(盐酸克林霉素胶囊),白云山光华盐酸克林霉素胶囊(盐酸克林霉素胶囊),台城制药盐酸克林霉素胶囊(盐酸克林霉素胶囊),新亚闵行盐酸克林霉素胶囊(盐酸克林霉素胶囊),黄河药业盐酸克林霉素胶囊(盐酸克林霉素胶囊),同济堂制药盐酸克林霉素胶囊(盐酸克林霉素胶囊),一品红盐酸克林霉素棕榈酸酯(盐酸克林霉素棕榈酸酯颗粒),开林(注射用美洛西林钠舒巴坦钠)","油菜,生菜,南瓜,空心菜","啤酒,白酒,狗肉,洋葱","番茄西米粥,番茄牛肉片,番茄羊肉汤,番茄羊肉蛋花汤,番茄皮蛋汤,百合炒芦笋,百合炖猪蹄,鲜百合烧肉",否
肺泡蛋白沉着症,肺泡蛋白沉着症(Pulmonaryalveolarproteinosis，PAP)是一种原因未明的少见疾病。其特点是肺泡内或细支气管腔内有不可溶性富磷脂蛋白沉积。好发于青中年，男性发病约为女性的3倍。病因未明，推测与几方面因素有关：如大量粉尘吸入(铝，二氧化硅等)，机体免疫功能下降(尤其婴幼儿)，遗传因素，酗酒，微生物感染等。虽然启动因素尚不明确，但基本上同意发病过程为脂质代谢障碍所致。即由于机体内、外因素作用引起肺泡表面活性物质的代谢异常。病理学检查以肺泡内充满有过碘酸雪夫(PAS)染色阳性的蛋白样物质为特征，该病由Rosen于1958年首次报道。肺泡蛋白沉着症根据病因可有原发性、继发性和先天性之分。临床症状主要表现为气短、咳嗽和咳痰，典型的症状为活动后气急，以后进展为休息时也感到气急。胸部X线呈双肺弥漫性肺部浸润阴影。诊断主要根据支气管肺泡灌洗物检查或经纤支镜或剖胸活检作出病理诊断。咳出的痰经80%乙醇固定，PAS染色有15%阳性的脂质。试用蛋白溶解酶雾化吸入或间歇正压呼吸器吸入。行支气管肺灌洗术是迄今惟一被证明有效的治疗方法。支气管肺泡灌洗通过BAIL，将沉积在肺泡的表面活性物质排出，从而改善肺通气和换气功能，很多情况下仅能暂时缓解症状，需定期反复进行。,"疾病百科,内科,呼吸内科","内科,呼吸内科","所谓免疫功能低下是一种病理特征，通俗一点讲，人体免疫力就是我们的身体在面对外来的侵害时所能抵御侵害的能力。比如无处不在的细菌、顽固不化的病毒向你进攻时，你身体抵抗能力的好与坏直接决定了你是否会染病。
饮酒超出适量饮酒或一般社交性饮酒的标准。重度饮酒往往根据超出一定的日饮酒量(如每天3标准杯)或每次饮酒量(如一次5标准杯，每周至少一次)加以确定。
遗传一般是指亲代的性状又在下代表现的现象，但在遗传学上指遗传物质从上代传给后代的现象。
微生物感染是指，感染了细菌、霉菌、滴虫、支原体等。
大量粉尘吸入是指吸入铝，二氧化硅等尘埃。
(一)发病原因
虽然启动因素尚不明确，但基本上同意发病过程为脂质代谢障碍所致，即由于机体内，外因素作用引起肺泡表面活性物质的代谢异常，到目前为止，研究较多的有肺泡巨噬细胞活力，动物实验证明巨噬细胞吞噬粉尘后其活力明显下降，而病员灌洗液中的巨噬细胞内颗粒可使正常细胞活力下降，经支气管肺泡灌洗治疗后，其肺泡巨噬细胞活力可上升，而研究未发现Ⅱ型细胞生成蛋白增加，全身脂代谢也无异常，因此目前一般认为本病与清除能力下降有关。
(二)发病机制
1.肺泡蛋白沉着症的发病机制目前尚不完全清楚，有以下几种假设：
(1)表面活性物质清除障碍：电镜观察发现肺泡蛋白沉积物和全肺灌洗物在结构上与由Ⅱ型肺泡上皮细胞分泌的含有层状体的肺泡表面活性物质非常相似，提示肺泡蛋白沉积物可能与肺泡表面活性物质代谢障碍有关，目前大多数证据表明肺泡蛋白沉积物可能是由于肺泡表面活性物质清除障碍所致，而不是产生过多，正常情况下肺泡表面活性物质(SP)的产生与清除是一个复杂的动态过程，肺泡Ⅱ型上皮细胞不仅合成和分泌肺泡表面活性物质，而且还与肺泡巨噬细胞一道参与肺泡表面活性物质的清除，当某些因素如感染，药物等可使肺泡Ⅱ型细胞的功能发生改变，导致其对肺泡表面活性物质的清除能力降低，从而引发了表面活性物质在肺泡内的沉积，最近的研究还发现表面活性物质蛋白A(SP-A)不仅可调节表面活性物质的分泌而且还可调节肺泡Ⅱ型上皮细胞和肺泡巨噬细胞对肺泡表面活性物质的再摄取，其在PAP发病机制中的作用目前尚不清楚。
(2)肺泡巨噬细胞功能缺陷：许多学者发现肺泡蛋白沉着症患者的肺泡巨噬细胞存在着化学趋化活性低，吞噬功能和吞噬溶酶体活性下降等情况，Gonzalez等报道正常人的肺泡巨噬细胞与肺泡蛋白沉着症患者的肺泡灌洗液共同培养时，正常人的肺泡巨噬细胞就会丧失吞噬能力，提示肺泡蛋白沉着症患者的肺泡灌洗液中存在着抑制肺泡巨噬细胞的因子，最新研究表明肺泡巨噬细胞功能缺陷可能与粒细胞巨噬细胞集落刺激因子(GM-CSF)不足或与GM-CSF/IL-3/IL-5受体β链缺陷有关。
(3)继发于其他疾病：临床上有些疾病特别是血液系统恶性肿瘤可发生肺泡蛋白沉着症，如髓白血病，淋巴瘤，Fanconi贫血以及IgG型免疫球蛋白病等，虽然文献报道血液系统恶性肿瘤发生继发性肺泡蛋白沉着症的平均发病率约5.3%，但急性髓白血病患者继发该病的发生率可高达10%，与原发性肺泡蛋白沉着症不同，继发性肺泡蛋白沉着症的病变往往呈局灶型，而且症状轻微，通常不需要行支气管肺泡灌洗治疗。
(4)吸入物的异常损伤：文献报道肺泡蛋白沉着症可能与某些理化因素和矿物粉尘吸入有关，如白消安，苯丁酸氮芥，矽尘和铝尘等，动物吸入矽尘颗粒也可引起肺泡蛋白沉着症这些都提示肺泡蛋白沉着症可能与某些理化因素和矿物粉尘吸入有关，但在人类，流行病学研究尚无直接证据表明肺泡蛋白沉着症与上述物质有关。
(5)基因突变：肺泡表面活性物质相关蛋白B(SP-B)基因突变已被证实与先天性肺泡蛋白沉着症(CPAP)有关，目前已经证实SP-B基因至少存在2个突变位点，一个是第121位碱基C被3个碱基GAA所替代，另一个是第122位点上缺失了1个碱基T，两种基因突变均可导致肺泡表面活性物质中SP-B缺失，但先天性肺泡蛋白沉着症的临床表现差异很大，提示可能还有其他位点或新的SP基因突变参与。
(6)GM-CSF及其受体异常：1994年Dranoff等发现在去除粒细胞巨噬细胞集落刺激因子(GM-CSF)的小鼠肺泡有蛋白样物质沉积，之后有许多学者对此进行了研究，目前已证实肺泡蛋白沉着症患者存在着细胞因子调节平衡的失调，即IL-10表达升高和GM-CSF表达减少以及GM-CSF/IL-3/IL-5受体β链缺失的情况。
总之，肺泡蛋白沉着症的发病机制目前尚不完全清楚，上述任何一种病因均不能完全解释所有病例，需要今后进一步研究。
2.病理表现
(1)肉眼观察：肺大部呈实变，胸膜下可见弥漫性黄色或灰黄色小结节或小斑块，结节直径由数毫米到2cm不等，切面可见黏稠黄色液体流出，如不合并感染，胸膜表面光滑。
(2)光镜检查：肺泡及细支气管腔内充满无形态的，过碘酸雪夫(PAS)染色阳性的富磷脂物质，肺泡间隔正常或肺泡隔数目增多，但间隔内无明显的纤维化，肺泡腔内除偶尔发现巨噬细胞外无炎症表现。
(3)电镜检查：肺泡腔内碎片中存在着大量的层状结构，由盘绕的3层磷脂构成，其结构类似肺泡表面活性物质。","胸痛,紫绀,呼吸困难,肺泡炎症,肺泡灌洗液可见...,乏力,发热伴咳嗽、咯...","胸部CT检查,支气管镜检查,肺活检",呼吸衰竭,根据不同医院，收费标准不一致，市三甲医院约（5000——80000元）,10-30天或更长,"药物治疗,支持性治疗，对症治疗",1-3%,无特殊人群,0.00001%,无传染性,"1、避免感染分支杆菌病，卡氏肺囊肿肺炎，巨细胞病毒等。
2、注意锻炼身体，提高免疫力。",,,,,,,否
肺曲菌病,肺曲菌病(pulmonaryaspergillosis)致病菌主要为烟曲菌，少数为黄曲菌、土曲菌、黑曲菌，棒状曲菌、构巢曲菌及花斑曲菌等。我国从1949年到1988年底陆续报告的呼吸道曲菌感染约300多例，然而近年随着广谱抗生素广泛使用，激素长期使用、肿瘤放化疗等曲霉菌感染发病率明显上升。肺部曲菌病绝大多数为继发感染，原发者较少见，也可见于少数免疫正常者。临床上一般将本病分为曲菌球、变态反应性支气管肺曲菌病(ABPA)和侵入性肺曲菌病(IPA)等三种类型。,"疾病百科,内科,呼吸内科","内科,呼吸内科","肺曲菌病(pulmonary aspergillosis)主要由烟曲菌(aspergillus fumigatus)引起。该菌寄生在上呼吸道，只有在慢性病患者机体免疫力降低时才能致病。
空气中到处有曲菌孢子，在秋冬和阴雨季节，当储藏的谷草发热霉烂时更多。吸入曲菌孢子不一定致病，大量吸入才能引起急性气管-支气管炎或肺炎。本病常继发于肺部已有疾病，如支气管囊肿、支气管扩张、肺炎、肺脓肿等。曲菌的内毒素使组织坏死，病灶为浸润性、实变、支气管周围炎或粟粒状弥慢性病变。","咳出棕色痰栓,嗜酸性粒细胞增多,胸痛","胸部平片,痰培养,纤维支气管镜检查,胸部CT检查,痰液细菌涂片检查",过敏性鼻炎,依据病情严重程度及是否有并发症收费不同，市三甲医院约（3000——50000元）,3-6月,"抗曲霉菌药物治疗,对症支持治疗,部分慢性感染如曲霉球需要手术切除治疗",70-80%,免疫低下或免疫缺陷人群,0.24%,不传染,在疑有曲菌感染的环境工作时，应作好防护工作，如戴防护口罩以免吸入大量病菌，在真菌实验室进行烟曲菌，黄曲菌，黑曲菌等菌的操作时，更要注意防止将这些病菌吸入肺部。,"阿奇霉素胶囊,阿奇霉素分散片,诺氟沙星胶囊,阿奇霉素片,乳酸左氧氟沙星片","乳酸左氧氟沙星片,阿奇霉素片","宜昌长江乳酸左氧氟沙星片(乳酸左氧氟沙星片),希舒美(阿奇霉素片),维宏(阿奇霉素片),宜昌长江阿奇霉素分散片(阿奇霉素分散片),大连天宇制药阿奇霉素胶囊(阿奇霉素胶囊),兰花药业诺氟沙星胶囊(诺氟沙星胶囊),福邦药业阿奇霉素胶囊(阿奇霉素胶囊),葵花药业得菲尔公司阿奇霉素(阿奇霉素胶囊),利民制药阿奇霉素胶囊(阿奇霉素胶囊),东药阿奇霉素胶囊(阿奇霉素胶囊),浙江南洋药业阿奇霉素胶囊(阿奇霉素胶囊),江苏长江阿奇霉素胶囊(阿奇霉素胶囊),辅仁药业阿奇霉素片(阿奇霉素片),汇仁药业阿奇霉素片(阿奇霉素片),爱普森药业阿奇霉素片(阿奇霉素片),石药欧意诺氟沙星胶囊(诺氟沙星胶囊),白云山医药诺氟沙星胶囊(诺氟沙星胶囊),康美药业诺氟沙星胶囊(诺氟沙星胶囊),锦华药业诺氟沙星胶囊(诺氟沙星胶囊),北京京丰制药集团诺氟沙星胶(诺氟沙星胶囊),欣匹特(阿奇霉素分散片),海王阿奇霉素片(阿奇霉素片),安诺药业阿奇霉素分散片(阿奇霉素分散片)","鸡蛋,鲤鱼,鲫鱼,油麦菜","啤酒,白酒,洋葱,韭菜","银耳粥,鸭梨粥,雪梨饮,川贝酿梨,北杏炖雪梨,红枣银耳粥,冰糖银耳羹,椰子银耳煲鸽汤",否
放射性肺炎,放射性肺炎(radiationpneumonitis)系由于肺癌，乳腺癌，食管癌，恶性淋巴瘤或胸部其他恶性肿瘤经放射治疗后，在放射野内的正常肺组织受到射线损伤而引起的炎症反应。轻者无症状，炎症可自行消散，部分患者留有索条样陈旧病灶;重者肺脏发生广泛纤维化，导致呼吸功能损害，甚致呼吸衰竭。,"疾病百科,内科,呼吸内科","内科,呼吸内科","(一)发病原因
放射性肺炎的发生，肺部损伤的严重程度与放射面积，放射量，放射速度和放射的方法均有密切关系，一般在5周内放射量阈值在25Gy的常规照射量较为安全，放射剂量在6周内20Gy极少产生放射性肺炎，在相同时间内，剂量超过40Gy，放射性肺炎发生率达100%，放射量超过60Gy，可引起严重肺损伤，放射量越大，发生率越高，肺的损伤越严重，以同样大的剂量作大面积照射治疗引起的肺组织损伤远较肺局部照射为严重，照射速度越快，越易产生肺损伤，其他影响因素如个体对放射线的敏感性，肺部的原有疾病如肺炎，慢性支气管炎，肺气肿，肺间质性疾病等或第2次放射性照射均易促进放射性肺炎的发生，甲状腺癌，咽喉部肿瘤放射性治疗，包括频繁的CT检查也可以引起肺损伤，产生放射性肺炎，老人和小孩对放射性治疗的耐受性差，化学疗法所用药物(如博来霉素)引起的肺毒性可能加重放射性肺的损害。
(二)发病机制
放射性肺炎的病理变化可分为急性放射性炎症改变和慢性纤维化病变，急性炎症改变多发生在放射治疗后1～2个月，亦可发生在放射治疗结束后6个月，主要表现为肺毛细血管，小动脉充血，扩张和栓塞，血管通透性增高，肺泡细胞肿胀，Ⅱ型肺泡细胞和肺泡巨噬细胞增加，淋巴管扩张和肺泡内透明膜形成，肺泡壁有淋巴细胞浸润，急性可自行消散，也可有结缔组织增生和纤维化，慢性阶段的肺组织变化为广泛肺泡纤维化，肺泡间隔增厚，肺泡萎缩，血管内壁增厚，玻璃样变和硬化，管腔狭窄或阻塞致使气体交换功能降低和肺动脉压力增高，若继发肺部感染可促进放射性肺纤维化，也是导致死亡的重要诱因。","闫铁,肺纤维化,胸痛,低热","胸部平片,肺功能检查,通气与血流灌注比值（V/Q）,每分钟最大通气量（MVV）,血常规",肺气肿,根据损伤范围不同治疗费用不同，不同级别医院，收费有所差别，市三甲医院约（10000——50000元）,3个月,药物对症治疗为主，早期可能需要激素治疗,70%,射线敏感人群,3%,无传染性,"放射性肺炎的防治关键，在于“防”，“防”的关键在于以下三点：
(1)严格掌握放射剂量：一般在5周内放射量为2500rad的常规剂量较为安全。
(2)控制放射野，放射野越大，发生率越高。
(3)选择适当的照射速度，以每周剂量800-1000rad为宜，一旦发现本病，应尽早开始治疗，阻断病程的进展，如已发生广泛肺纤维化，则预后不良。","阿奇霉素胶囊,阿奇霉素分散片,诺氟沙星胶囊,阿奇霉素片,乳酸左氧氟沙星片","乳酸左氧氟沙星片,阿奇霉素片","宜昌长江乳酸左氧氟沙星片(乳酸左氧氟沙星片),希舒美(阿奇霉素片),维宏(阿奇霉素片),宜昌长江阿奇霉素分散片(阿奇霉素分散片),大连天宇制药阿奇霉素胶囊(阿奇霉素胶囊),兰花药业诺氟沙星胶囊(诺氟沙星胶囊),福邦药业阿奇霉素胶囊(阿奇霉素胶囊),葵花药业得菲尔公司阿奇霉素(阿奇霉素胶囊),利民制药阿奇霉素胶囊(阿奇霉素胶囊),东药阿奇霉素胶囊(阿奇霉素胶囊),浙江南洋药业阿奇霉素胶囊(阿奇霉素胶囊),江苏长江阿奇霉素胶囊(阿奇霉素胶囊),辅仁药业阿奇霉素片(阿奇霉素片),汇仁药业阿奇霉素片(阿奇霉素片),爱普森药业阿奇霉素片(阿奇霉素片),石药欧意诺氟沙星胶囊(诺氟沙星胶囊),白云山医药诺氟沙星胶囊(诺氟沙星胶囊),康美药业诺氟沙星胶囊(诺氟沙星胶囊),锦华药业诺氟沙星胶囊(诺氟沙星胶囊),北京京丰制药集团诺氟沙星胶(诺氟沙星胶囊),欣匹特(阿奇霉素分散片),海王阿奇霉素片(阿奇霉素片),安诺药业阿奇霉素分散片(阿奇霉素分散片)","莲子,豆浆,生菜,南瓜","白酒,洋葱,辣椒(红、尖、干),大蒜","杂粮粥,蔬菜杂烩粥,小麦粥,虾皮香芹燕麦粥,荞麦粥,花生杏仁粥,豆薯小米粥,萝卜豆腐汤",否
肺念珠菌病,肺念珠菌病是一种常见的肺真菌病，由念球菌属(主要是白念珠菌)感染所致。本病多为继发性感染，在人体抵抗力降低的情况下发病。临床上可分为三型：(1)支气管炎型。(2)肺炎型。(3)过敏型。病原主要为白色念珠菌，其次为热带念珠菌、高里氏念珠菌和星状念珠菌。据报道，念珠菌感染占真菌感染的79%，尤其在重症监护室、灼伤和肿瘤科发病率较高。,"疾病百科,内科,呼吸内科","内科,呼吸内科","正常人皮肤，口腔，胃肠道等均有念珠菌寄生，正常情况下不致病，当人体免疫防御功能下降，寄殖于口腔，上呼吸道的念珠菌可侵入呼吸道引起内源性感染。
院内交叉感染可致外源性感染，留置导管，黏膜溃疡等破坏黏膜完整性，也可使念珠菌侵入体内，肺可为原发性感染，也可为血源播散性念珠菌的一部分。
饮食不洁肺也是会引发肺念珠菌病的。
发病机制
支气管肺念珠菌病的感染途径主要为吸入(原发)，即定植于口腔和上呼吸道的念珠菌在机体防御机制削弱时吸至下呼吸道和肺泡所致，念珠菌入侵组织后转为菌丝型，大量繁殖，菌丝念珠菌有抗吞噬能力，引起白细胞浸润为主的急性炎症反应，形成溃疡，多发性微小脓肿和组织坏死，慢性感染则以肉芽肿病变和纤维组织增生为主，血源播散型则是菌丝和酵母向血管内侵入，引起双肺弥漫性损害，典型表现为坏死的肺组织和大量繁殖的念珠菌组成的出血性结节。","痰呈粘液脓性,肺部啰音","肺量计检测,胸部平片,痰液细菌涂片检查",菌血症,根据不同医院，收费标准不一致，市三甲医院约（1000-5000元）,2-6周,"抗真菌治疗，对症治疗，,支持性治疗",80%,免疫力低下病人,0.005%,呼吸道传播,"1.勿滥用广谱抗生素。
2.长期应用抗生素、糖皮质激素及免疫抑制药者，应定期查粪、尿、痰等，并仔细作体格检查，必要时定期作胸部X线检查。
3.对必须长期应用抗生素及糖皮质激素者，可间歇预防性地给予抗真菌药物，如制霉菌素、酮康唑、氟康唑。
4.医护人员接触病人前后应洗手，避免交叉感染。","硝酸咪康唑乳膏,盐酸特比萘芬片,酮康唑乳膏,环吡酮胺乳膏,硝酸益康唑溶液,伊曲康唑胶囊,克霉唑阴道片,氟康唑胶囊,硝酸益康唑乳膏,盐酸特比萘芬凝胶,盐酸特比萘芬溶液,联苯苄唑乳膏,转移因子口服溶液,硝酸咪康唑栓","转移因子口服溶液,克霉唑阴道片","圣泰转移因子口服溶液(转移因子口服溶液),仙琚制药克霉唑阴道片(克霉唑阴道片),运佳黄浦硝酸咪康唑乳膏(硝酸咪康唑乳膏),三维康(氟康唑胶囊),赣南海欣转移因子口服溶液(转移因子口服溶液),福建太平洋制药酮康唑乳膏(酮康唑乳膏),二天堂联苯苄唑乳膏(联苯苄唑乳膏),倍佳(盐酸特比萘芬溶液),倍佳(盐酸特比萘芬凝胶),唐山红星硝酸咪康唑乳膏(硝酸咪康唑乳膏),唐山红星硝酸益康唑溶液(硝酸益康唑溶液),衡阳紫光古汉硝酸益康唑乳膏(硝酸益康唑乳膏),纽兰药业硝酸咪康唑栓(硝酸咪康唑栓),黑龙江天龙药业联苯苄唑乳膏(联苯苄唑乳膏),斯皮仁诺(伊曲康唑胶囊),美扶(伊曲康唑胶囊),桂林华信环吡酮胺乳膏(环吡酮胺乳膏),南通中华药业硝酸咪康唑乳膏(硝酸咪康唑乳膏),吉春制药硝酸咪康唑乳膏(硝酸咪康唑乳膏),康正药业硝酸咪康唑乳膏(硝酸咪康唑乳膏),恒安药业盐酸特比萘芬片(盐酸特比萘芬片),迪沙药业克霉唑阴道片(克霉唑阴道片),五洲通药业硝酸咪康唑乳膏(硝酸咪康唑乳膏)","鸡蛋清,鸡,杏仁,核桃","啤酒,白酒,空心菜,奶油","小麦粥,荞麦粥,杂粮粥,蔬菜杂烩粥,豆薯小米粥,花生杏仁粥,冬瓜草鱼汤,三鲜冬瓜汤",否
肺大疱,肺大疱是指由于各种原因导致肺泡腔内压力升高，肺泡壁破裂，互相融合，在肺组织形成的含气囊腔。直径超过1厘米，常发生在肺气肿基础上，一般继发于细小支气管的炎性病变，如肺炎，肺气肿和肺结核，临床上最常与肺气肿并存。发生机制与肺气肿相似但程度较重。肺大疱有先天性和后天性两种。先天性多见于小儿，因先天性支气管发育异常，黏膜皱襞呈瓣膜状，软骨发育不良，引起活瓣作用所致。后天性多见于成人、老年患者，常伴慢性支气管炎和肺气肿。目前绝大多数的肺大疱手术均可在电视胸腔镜下完成，2/3的患者术后症状明显改善。,"疾病百科,内科,呼吸内科","内科,呼吸内科","(一)发病原因
肺大疱是由于肺泡高度膨胀，肺泡壁破裂并相互融合而形成，一般是由小支气管的活瓣性阻塞所引起，与肺气肿的形成机制相同，但程度较重，气肿的肺泡直径超过1cm，发生在肺实质内，常伴有不同的肺部疾病，如慢性支气管炎和支气管哮喘，晚期矽肺或结节病，也有些肺大疱见于肺和支气管无疾病的患者，肺大疱继发于肺炎或肺脓肿者多见于婴幼儿，有单发的也有多发的，因有炎性病变，小支气管粘膜有水肿，造成管腔部分阻塞，产生活门作用，空气能进入肺泡而不易排出，肺泡内压力增高，肺泡间隔逐渐因泡内压力增加而破裂，乃形成巨大的含气囊腔，临床上称之为肺大疱。
继发于肺结核的则多为单发，亦无明显之肺气肿同时存在。
继发于肺气肿者，常为多发，除大疱之外，常伴有多数小疱。
(二)发病机制
肺大疱的壁甚薄，由肺泡的扁平上皮细胞组成或仅为纤维性膜，可与多种肺气肿并存，常见于间隔旁侧或细叶旁肺气肿，可伴或不伴炭末沉着，分别见于煤矿工人尘肺和瘢痕组织肺气肿，肺大疱分为3种病理形态。
Ⅰ型：多发生于中叶或舌叶，也常见于肺上叶，可能由于该部位胸腔负压大，突出于肺表面，并有一狭带与肺相连又称为狭颈肺大疱，因为支气管瘢痕组织形成的活瓣性阻塞，肺大疱体积增大系由于肺泡侧支通气和气体滞留，Ⅰ型肺大疱壁薄，常由胸膜和结缔组织形成，常规X线胸片即可发现肺大疱的存在。
Ⅱ型：在脏层胸膜与气肿性肺组织之间，是宽基底部的表浅肺大疱位于肺表层，肺大疱腔内可见结缔组织间隔，但它不构成肺大疱的壁，可见于肺的任何部位。
Ⅲ型：是宽基底部深位肺大疱，结构与Ⅱ型相似，但部位较深，周围均为气肿性肺组织，肺大疱可伸展至肺门，可见于任何肺叶。
当肺大疱体积增大时，周围肺组织受压迫并引起肺脏移位，受压肺组织在X线胸片上，表现为肺大疱周围密度增高阴影，以上3型均见于慢性支气管炎，多与慢性弥漫性阻塞性肺部疾病有关，小叶中心型肺气肿不并发肺大疱，下叶肺大疱常见于有并发症的煤矿工人尘肺和融合性矽肺。","胸闷,气短,胸闷憋气,发热伴咳嗽、咯...","胸部CT检查,支气管造影,胸部平片",张力性气胸,根据不同医院，收费标准不一致，市三甲医院约（5000-10000元）,2-4周,"康复治疗,手术治疗",85%,多见于吸烟人群,0.003%-0.007%,无传染性,由于肺大疱形成的原因不明确，因此任何可以预防细小支气管炎症活瓣形成的措施均可采取。如戒烟，避免受凉感冒，增强体质，预防支气管肺部感染。,,,,,,,否
肺炎球菌肺炎,肺炎球菌肺炎是由肺炎链球菌所引起，占社区获得性肺炎中的半数以上。起病急，有寒战、高热、胸痛、咳嗽和血痰等症状。近年来由于抗菌药物的广泛应用，临床上症状轻或不典型病较为多见。肺炎球菌一般通过吸入，经上呼吸道到达肺部。它们停留在细支气管内增殖并引起炎症过程，开始在肺泡腔内产生大量蛋白质的液体，这种液体起着病菌培养介质的作用，并可帮助病菌向邻近肺泡扩散，典型的结果是导致大叶性肺炎。,"疾病百科,内科,呼吸内科","内科,呼吸内科","当呼吸道防御功能削弱，呼吸道受病毒感染，破坏支气管粘膜的完整性，易诱发细菌感染。常见于受寒、疲劳、饥饿、酒醉、麻醉、昏迷、免疫缺陷病、充血性心衰等情况。
入侵细菌数量多、毒力强。细菌入侵后必然会遭到机体免疫力的抵抗，只有当入侵的细菌数量多、毒力强，超过机体的抵抗能力才致病。
发病机制
肺炎球菌一般通过吸入，经上呼吸道到达肺部。它们停留在细支气管内增殖并引起炎症过程，开始在肺泡腔内产生大量蛋白质的液体，这种液体起着病菌培养介质的作用，并可帮助病菌向邻近肺泡扩散，典型的结果是导致大叶性肺炎。
大叶性肺炎的最初阶段是充血，特点是大量浆液性渗出物，血管扩张及细菌迅速增殖。下一阶段叫做""红色肝样变""，即实变的肺脏呈肝样外观：气腔充满多形核细胞，血管充血及红细胞外渗，因此肉眼检查呈淡红色。接着是""灰色肝样变""期，该期的纤维蛋白集聚与处于不同分解阶段的白细胞和红细胞有关，肺泡腔充满炎症渗出物。最后阶段是以渗出物吸收为特征的消散期。","痰中带血丝,咳嗽伴胸痛,胸痛,发热伴咳嗽、咯...","胸部平片,血常规",败血症,根据不同医院，收费标准不一致，市三甲医院约（2000-5000元）,1个月,"药物治疗,支持性治疗",80%,无特殊人群,发病率约3-5%,呼吸道传播,"1、适度锻炼，增强免疫力。避免引起免疫力减退的情况，如：醉酒、过劳、淋雨等。
2、接种疫苗。","氯霉素片,阿奇霉素片,阿奇霉素分散片,阿奇霉素颗粒","阿奇霉素片,阿奇霉素分散片","希舒美(阿奇霉素片),维宏(阿奇霉素片),宜昌长江阿奇霉素分散片(阿奇霉素分散片),百利药业阿奇霉素颗粒(阿奇霉素颗粒),东信药业阿奇霉素颗粒(阿奇霉素颗粒),俞氏阿奇霉素颗粒(阿奇霉素颗粒),湘江药业阿奇霉素颗粒(阿奇霉素颗粒),潜江制药阿奇霉素颗粒(阿奇霉素颗粒),海力制药阿奇霉素颗粒(阿奇霉素颗粒),北海阳光药业阿奇霉素颗粒(阿奇霉素颗粒),辅仁药业阿奇霉素片(阿奇霉素片),汇仁药业阿奇霉素片(阿奇霉素片),爱普森药业阿奇霉素片(阿奇霉素片),欣匹特(阿奇霉素分散片),海王阿奇霉素片(阿奇霉素片),安诺药业阿奇霉素分散片(阿奇霉素分散片),锦华药业氯霉素片(氯霉素片),赛乐欣(阿奇霉素分散片),齐迈星(阿奇霉素分散片),丽珠奇乐(阿奇霉素分散片),健生制药阿奇霉素分散片(阿奇霉素分散片),彼迪药业阿奇霉素分散片(阿奇霉素分散片),利君制药阿奇霉素分散片(阿奇霉素分散片)","鸡蛋,鲈鱼,鲢鱼,鲤鱼","啤酒,白酒,辣椒(红、尖、干),咖啡","小黄瓜凉拌面,黄瓜三丝汤,水萝卜拌黄瓜,黄瓜拌豆腐丝,黄瓜拌香菜,小黄瓜西瓜汁,五丝白菜卷,玉竹白菜",否
肺气肿,肺气肿是指终末细支气管远端(呼吸细支气管，肺泡管、肺泡囊和肺泡)的气道弹性减退，过度膨胀，充气和肺容积增大或同时伴有气道壁破坏的病理状态。按其发病原因肺气肿有如下几种类型：老年性肺气肿，代偿性肺气肿，间质性肺气肿，灶性肺气肿，旁间隔性肺气肿，阻塞性肺气肿。,"疾病百科,内科,呼吸内科","内科,呼吸内科","引起慢支的各种因素如感染，吸烟，大气污染，职业性粉尘和有害气体的长期吸入，过敏等，均可引起阻塞性肺气肿。
弹性蛋白酶及其抑制因子失衡学说。
α1-抗胰蛋白酶缺乏和肺气肿关系的研究提示，肺气肿是由肺内的蛋白酶和抗蛋白酶含量的不平衡，使肺泡间隔破坏，大量肺气肿的动物模型支持这一假说，人类肺气肿的研究证明，弹性多肽的浓度在肺气肿的病人中增加，吸烟可增加弹性蛋白溶解活性，抑制肺的成纤维细胞的浸润，造成对弹性蛋白酶的组织敏感性增加，抑制了抗弹性蛋白酶的活性，这些发现支持吸烟使弹性蛋白酶和抗弹性蛋白酶的平衡被打破，从而造成肺的微细结构的破坏，引起肺气肿。
发病机制
1、肺气肿的病理改变：肺气肿是由各种原因引起的肺泡和肺泡管异常扩大和肺泡壁破坏，使肺内残气量增多，根据其受累肺泡的范围分为小叶中心型肺气肿(常位于肺尖部)，全小叶型肺气肿(常在肺基底部)和远端小叶型肺气肿，全小叶型和小叶中心型肺气肿与吸烟有关，这两种类型的肺气肿常合并存在，均匀分布在肺脏的上叶或下叶，当肺气肿严重时，气管梗阻亦有所发展，反复发作的细支气管的炎症造成气管梗阻，肺间质破坏，引起气管的机械支持力丧失，使其塌陷和气管梗阻，从而引起肺内气体增多，形成气腔。
2、肺气肿病理生理：呼吸肌肉的功能在肺气肿病人有明显的变化，其他呼吸辅助肌肉，肋间肌也不能在正常的长度-张力曲线上工作，膈肌的隆起程度减低，使其在收缩时不能形成足够的胸内负压，在膈肌变平时，收缩时向下牵拉下部胸廓，挤压肺脏，对呼吸的效果产生反向的影响，使膈肌收缩时胸廓变大引起吸气的功能转换为呼气，肺泡壁结构的破坏使肺毛细血管床减少，肺微循环的破坏使肺血管阻力增高，肺气肿病人的肺血流阻力与肺的CO弥散能力呈反向相关，所以，在肺气肿病人出现肺动脉高压之前，一定有气体交换功能的严重损害。","纵隔浊音界扩大,桶状胸,小支气管粘膜水肿,黏稠或脓性痰伴...,横膈低平,胸闷,呼气音延长,肺部啰音,呼吸音减弱","肺量计检测,残气量／肺总量比值（RV/TLC）,肺容量测定,肺活量（VC）,最大呼气流量-容积曲线（MEFV）,深吸气量（IC）,一秒用力呼出量／用力肺活量比值,心电图,无效腔气量／潮气量比值,肺泡气-动脉血氧分压差","呼吸衰竭,自发性气胸,慢性肺源性心脏病,胃溃疡",根据不同医院，收费标准不一致，市三甲医院约（10000——30000元）,120天,"药物治疗,支持性治疗,手术治疗",0.5%,长期接触有机或无机粉尘，有害气体者，吸烟者,0.001%,无传染性,"1、首先是戒烟。
2、注意保暖，避免受凉，预防感冒。
3、改善环境卫生，做好个人劳动保护，消除及避免烟雾，粉尘和刺激性气体对呼吸道的影响。","祛痰止咳胶囊,如意定喘丸,硫酸特布他林雾化液,茶碱缓释片,氨茶碱片,噻托溴铵粉吸入剂,盐酸班布特罗胶囊,白及颗粒,氨溴特罗口服溶液,化痰平喘片,噻托溴铵粉雾剂,盐酸妥洛特罗片,茶碱缓释胶囊,盐酸班布特罗片,喘嗽宁片,硫酸特布他林片,肺气肿片,复方蛤青胶囊","噻托溴铵粉雾剂,氨茶碱片","天丁噻托溴铵粉雾剂(噻托溴铵粉雾剂),振兴氨茶碱片(氨茶碱片),埃斯玛隆(茶碱缓释胶囊),曲靖药业白及颗粒(白及颗粒),思力华(噻托溴铵粉吸入剂),帮备(盐酸班布特罗片),博利康尼(硫酸特布他林片),陕西东泰制药复方蛤青胶囊(复方蛤青胶囊),诚信制药盐酸妥洛特罗片(盐酸妥洛特罗片),吉尔吉药业喘嗽宁片(喘嗽宁片),瑞尔医药盐酸班布特罗片(盐酸班布特罗片),易坦静(氨溴特罗口服溶液),万方制药肺气肿片(肺气肿片),吉春制药祛痰止咳胶囊(祛痰止咳胶囊),龙泰制药化痰平喘片(化痰平喘片),七星山药业化痰平喘片(化痰平喘片),国医堂制药如意定喘丸(如意定喘丸),博利康尼(硫酸特布他林雾化液),石药欧意氨茶碱片(氨茶碱片),山西云鹏制药氨茶碱片(氨茶碱片),广东环球制药茶碱缓释片(茶碱缓释片),白敬宇制药氨茶碱片(氨茶碱片),湖南九典制药盐酸班布特罗胶(盐酸班布特罗胶囊)","鹿肉,鸡肝,杏仁,松子仁","海虾,带鱼,羊肉(瘦),圆白菜","糖醋草鱼,炖白鲢鱼,红烧鲢鱼,泡莲藕,凉拌莲藕,山楂糕,百合汁,百合粥",否
肺炎杆菌肺炎,肺炎杆菌肺炎(克雷白杆菌肺炎)，克雷白杆菌肺炎是由肺炎克雷白杆菌引起的急性肺部炎症，多见于老年、营养不良、慢性酒精中毒，已有慢性支气管-肺疾病和全身衰竭的患者。起病急剧，有高热，咳嗽，痰量多和胸痛。可有紫绀，气急，心悸，约半数患者有畏寒，可早期出现休克。,"疾病百科,内科,呼吸内科","内科,呼吸内科",本病的致病菌为克雷白杆菌。肺炎克雷白杆菌对人致病性较强，是重要的条件致病菌和医源性感染菌之一。,"畏寒,胸痛,气急,发热伴咳嗽、咯...","痰液细菌涂片检查,痰液细菌培养,血常规",脑疝,根据不同医院，收费标准不一致，市三甲医院约（3000 —— 8000元）,7-21天,"药物治疗,支持性治疗",68%,多见于老年人,0.0002%,有传染性,"1、严格执行消毒与隔离制度这主要是针对医务人员及院内环境、器械而言，接触病人前后严格洗手、戴手套操作，定期环境及室内消毒通风，按照要求定期清洗、消毒呼吸治疗装置，定期更换机械通气及雾化器管路等，采取一整套严格的院内感染监测和预防计划。据报道，采取这一计划的医院与未采取的医院比较，院内感染率低20%。
2、胃肠道去污治疗是欧洲常用的一种预防措施，主要是针对院内感染的易感人群，目的是去除胃肠内的菌落寄殖与生长。方法有全胃肠去污和选择性胃肠去污法，常用的为后者，它通过鼻饲或口服胃肠不吸收的多粘菌素B、妥布霉素(庆大霉素或新霉素等)及二性霉素B，连用5天，并每天系统应用头孢菌素，从口咽部及胃肠道中去除需氧菌而不降低厌氧菌的数量，其预防作用在革兰阴性杆菌方面尤为明显，据作者统计有关文献，去污组几乎无继发性肺炎克雷白杆菌的肺炎与呼吸道感染(个别为耐药株感染)。
3、保护胃部酸性屏障主要是在预防应激性溃疡时，应用硫糖铝(ulcerlmin)类药物，它既可以防止应激性溃疡出血，又因它具有吸附胃黏膜、改变胃黏液、增加胃腔中前列腺素E2(PGE2)含量、吸收胃蛋白酶的作用，并不改变胃内酸性环境，从而有效地起到了防止溃疡及防止感染的作用。而且据文献介绍，硫糖铝尚具有内在的杀菌活性，一系列研究表明应用抗酸剂组的肺炎发生率为23%～35%，而应用硫糖铝组肺炎的发生率为10%～19%。
4、生物预防肺炎克雷白杆菌肺炎的生物预防方法尚处于实验阶段。Held等利用自肺炎克雷白杆菌荚膜多糖(CPS)诱导产生的IgM单克隆抗体(MAb) 注射给实验动物以预防肺炎克雷白杆菌肺炎，与对照组比较，无论器官受累率、感染组织的细菌数量、肺内组织学改变等诸方面，预防组远优于对照组 (P<0.01)，但这种MAb尚无阻止肺炎克雷白杆菌进入肺内的作用，而是加速感染吸收，增强肺的排菌能力。另外尚有一些类似的实验报告，但成熟的疫苗及抗体尚未应用于临床，需进一步研究。肺炎克雷白杆菌肺炎危害人类已一个多世纪，随着科学的发展，检查及治疗手段的不断完善，人类对其了解的逐步深入，相信可以进一步降低它的发病率及病死率，取得更大的进步。","氨苄西林胶囊,头孢拉定胶囊,通宣理肺丸,阿莫西林颗粒,头孢克洛颗粒,盐酸左氧氟沙星胶囊,头孢氨苄胶囊,依托红霉素片,蛤蚧定喘丸,乙酰螺旋霉素片,注射用头孢唑林钠,头孢克肟颗粒,头孢克肟分散片,氟康唑胶囊,麦迪霉素片,司帕沙星分散片,头孢丙烯分散片,蛇胆川贝液,头孢拉定分散片,乳酸左氧氟沙星片","头孢氨苄胶囊,盐酸左氧氟沙星胶囊","康裕头孢氨苄胶囊(头孢氨苄胶囊),联邦左福康盐酸左氧氟沙星胶(盐酸左氧氟沙星胶囊),阿莫仙阿莫西林颗粒(阿莫西林颗粒),联邦安必仙氨苄西林胶囊(氨苄西林胶囊),江西诚志永丰蛇胆川贝液(蛇胆川贝液),鲁抗阿莫西林颗粒(阿莫西林颗粒),广东华南依托红霉素片(依托红霉素片),孩尔欣头孢克洛颗粒(头孢克洛颗粒),银力舒(头孢丙烯分散片),达仁堂通宣理肺丸(通宣理肺丸),申优(头孢拉定分散片),康良头孢拉定胶囊(头孢拉定胶囊),安必君氨苄西林胶囊(氨苄西林胶囊),佳乐弗乳酸左氧氟沙星片(乳酸左氧氟沙星片),银诺克肺宝蛤蚧定喘丸(蛤蚧定喘丸),达力芬(头孢克肟颗粒),鲁神乙酰螺旋霉素片(乙酰螺旋霉素片),鲁抗注射用头孢唑林钠(注射用头孢唑林钠),上海新亚头孢克肟分散片(头孢克肟分散片),三维康(氟康唑胶囊),鲁抗麦迪霉素片(麦迪霉素片),珠海联邦头孢拉定胶囊(头孢拉定胶囊),朗瑞(司帕沙星分散片)","鹿肉,鸡蛋,鸡肝,杏仁","鱼腥草,洋葱,香菜,辣椒(青、尖)","番茄鸡蛋煎饼,番茄芹菜汁,番茄汁,锅塌番茄,意式番茄牛肉凉面,番茄牛肉,番茄三素,番茄苹果芝麻蜜",否
